L200001         ;2-10-2021;09:46:52;117236.472;559781.946;-1.411;0.01;0.01
L200002         ;2-10-2021;09:46:53;117236.1;559782.433;-1.405;0.01;0.01
L200003         ;2-10-2021;09:46:54;117235.782;559782.708;-1.412;0.01;0.01
L200004         ;2-10-2021;09:46:55;117235.323;559783.123;-1.406;0.01;0.01
L200005         ;2-10-2021;09:46:56;117234.983;559783.557;-1.404;0.01;0.01
L200006         ;2-10-2021;09:46:57;117234.669;559783.891;-1.404;0.01;0.01
L200007         ;2-10-2021;09:46:58;117234.279;559784.297;-1.411;0.01;0.01
L200008         ;2-10-2021;09:46:59;117234.02;559784.775;-1.416;0.01;0.01
L200009         ;2-10-2021;0.407638889;117233.582;559785.176;-1.411;0.01;0.01
L200010         ;2-10-2021;09:47:01;117233.247;559785.397;-1.418;0.01;0.01
L200011         ;2-10-2021;09:47:02;117232.949;559785.92;-1.411;0.01;0.01
L200012         ;2-10-2021;09:47:03;117232.573;559786.347;-1.408;0.01;0.01
L200013         ;2-10-2021;09:47:04;117232.205;559786.714;-1.405;0.01;0.01
L200014         ;2-10-2021;09:47:05;117231.949;559786.995;-1.405;0.01;0.01
L200015         ;2-10-2021;09:47:06;117231.573;559787.382;-1.411;0.01;0.01
L200016         ;2-10-2021;09:47:07;117231.241;559787.735;-1.409;0.01;0.01
L200017         ;2-10-2021;09:47:08;117230.75;559788.273;-1.42;0.01;0.01
L200018         ;2-10-2021;09:47:09;117230.496;559788.548;-1.418;0.01;0.01
L200019         ;2-10-2021;09:47:10;117230.071;559788.85;-1.414;0.01;0.01
L200020         ;2-10-2021;09:47:11;117229.842;559789.203;-1.421;0.01;0.01
L200021         ;2-10-2021;09:47:12;117229.467;559789.433;-1.429;0.01;0.01
L200022         ;2-10-2021;09:47:13;117229.161;559789.887;-1.437;0.01;0.01
L200023         ;2-10-2021;09:47:14;117228.87;559790.122;-1.447;0.01;0.01
L200024         ;2-10-2021;09:47:15;117228.604;559790.462;-1.457;0.01;0.01
L200025         ;2-10-2021;09:47:16;117228.129;559790.947;-1.455;0.01;0.01
L200026         ;2-10-2021;09:47:17;117227.995;559791.302;-1.452;0.01;0.01
L200027         ;2-10-2021;09:47:18;117227.439;559791.528;-1.45;0.01;0.01
L200028         ;2-10-2021;09:47:19;117227.181;559791.929;-1.454;0.01;0.01
L200029         ;2-10-2021;09:47:20;117226.759;559792.31;-1.447;0.01;0.01
L200030         ;2-10-2021;09:47:21;117226.453;559792.704;-1.438;0.01;0.01
L200031         ;2-10-2021;09:47:22;117226.129;559793.124;-1.429;0.01;0.01
L200032         ;2-10-2021;09:47:23;117225.856;559793.547;-1.43;0.01;0.01
L200033         ;2-10-2021;09:47:24;117225.456;559793.917;-1.423;0.01;0.01
L200034         ;2-10-2021;09:47:25;117225.084;559794.164;-1.422;0.01;0.01
L200035         ;2-10-2021;09:47:26;117224.736;559794.402;-1.418;0.01;0.01
L200036         ;2-10-2021;09:47:27;117224.372;559794.648;-1.428;0.01;0.01
L200037         ;2-10-2021;09:47:28;117224.131;559795.1;-1.421;0.01;0.01
L200038         ;2-10-2021;09:47:29;117223.798;559795.343;-1.416;0.01;0.01
L200039         ;2-10-2021;09:47:30;117223.383;559795.632;-1.409;0.01;0.01
L200040         ;2-10-2021;09:47:31;117223.1;559796.136;-1.409;0.01;0.01
L200041         ;2-10-2021;09:47:32;117222.756;559796.313;-1.402;0.01;0.01
L200042         ;2-10-2021;09:47:33;117222.409;559796.63;-1.405;0.01;0.01
L200043         ;2-10-2021;09:47:34;117221.917;559796.973;-1.385;0.01;0.01
L200044         ;2-10-2021;09:47:35;117221.54;559797.18;-1.384;0.01;0.01
L200045         ;2-10-2021;09:47:36;117221.314;559797.381;-1.387;0.01;0.01
L200046         ;2-10-2021;09:47:37;117220.858;559797.723;-1.385;0.01;0.01
L200047         ;2-10-2021;09:47:38;117220.586;559797.99;-1.378;0.01;0.01
L200048         ;2-10-2021;09:47:39;117220.232;559798.173;-1.38;0.01;0.01
L200049         ;2-10-2021;09:47:40;117219.894;559798.659;-1.369;0.01;0.01
L200050         ;2-10-2021;09:47:41;117219.613;559798.809;-1.367;0.01;0.01
L200051         ;2-10-2021;09:47:42;117219.34;559799.186;-1.36;0.01;0.01
L200052         ;2-10-2021;09:47:43;117218.947;559799.598;-1.35;0.01;0.01
L200053         ;2-10-2021;09:47:44;117218.652;559800.021;-1.355;0.01;0.01
L200054         ;2-10-2021;09:47:45;117218.316;559800.172;-1.358;0.01;0.01
L200055         ;2-10-2021;09:47:46;117218.005;559800.526;-1.355;0.01;0.01
L200056         ;2-10-2021;09:47:47;117217.642;559800.854;-1.359;0.01;0.01
L200057         ;2-10-2021;09:47:48;117217.323;559801.229;-1.35;0.01;0.01
L200058         ;2-10-2021;09:47:49;117217.055;559801.568;-1.355;0.01;0.01
L200059         ;2-10-2021;09:47:50;117216.735;559802.036;-1.335;0.01;0.01
L200060         ;2-10-2021;09:47:51;117216.403;559802.375;-1.327;0.01;0.01
L200061         ;2-10-2021;09:47:52;117215.977;559802.712;-1.331;0.01;0.01
L200062         ;2-10-2021;09:47:53;117215.658;559803.153;-1.332;0.01;0.01
L200063         ;2-10-2021;09:47:54;117215.163;559803.409;-1.324;0.01;0.01
L200064         ;2-10-2021;09:47:55;117214.933;559803.844;-1.321;0.01;0.01
L200065         ;2-10-2021;09:47:56;117214.514;559804.197;-1.327;0.01;0.01
L200066         ;2-10-2021;09:47:57;117214.157;559804.702;-1.34;0.01;0.01
L200067         ;2-10-2021;09:47:58;117213.84;559804.959;-1.336;0.01;0.01
L200068         ;2-10-2021;09:47:59;117213.473;559805.329;-1.33;0.01;0.01
L200069         ;2-10-2021;0.408333333;117213.085;559805.73;-1.334;0.01;0.01
L200070         ;2-10-2021;09:48:01;117212.659;559805.889;-1.33;0.01;0.01
L200071         ;2-10-2021;09:48:02;117212.192;559806.363;-1.321;0.01;0.01
L200072         ;2-10-2021;09:48:03;117211.857;559806.642;-1.33;0.01;0.01
L200073         ;2-10-2021;09:48:04;117211.402;559806.942;-1.314;0.01;0.01
L200074         ;2-10-2021;09:48:05;117211.156;559807.35;-1.304;0.01;0.01
L200075         ;2-10-2021;09:48:06;117210.644;559807.863;-1.293;0.01;0.01
L200076         ;2-10-2021;09:48:07;117210.28;559808.209;-1.29;0.01;0.01
L200077         ;2-10-2021;09:48:08;117209.903;559808.568;-1.295;0.01;0.01
L200078         ;2-10-2021;09:48:09;117209.489;559808.946;-1.285;0.01;0.01
L200079         ;2-10-2021;09:48:10;117209.105;559809.232;-1.281;0.01;0.01
L200080         ;2-10-2021;09:48:11;117208.738;559809.636;-1.269;0.01;0.01
L200081         ;2-10-2021;09:48:12;117208.355;559810.088;-1.263;0.01;0.01
L200082         ;2-10-2021;09:48:13;117207.966;559810.371;-1.259;0.01;0.01
L200083         ;2-10-2021;09:48:14;117207.607;559810.732;-1.244;0.01;0.01
L200084         ;2-10-2021;09:48:15;117207.254;559811.162;-1.221;0.01;0.01
L200085         ;2-10-2021;09:48:16;117206.777;559811.578;-1.216;0.01;0.01
L200086         ;2-10-2021;09:48:17;117206.395;559811.834;-1.208;0.01;0.01
L200087         ;2-10-2021;09:48:18;117206.013;559812.322;-1.2;0.01;0.01
L200088         ;2-10-2021;09:48:19;117205.585;559812.836;-1.185;0.01;0.01
L200089         ;2-10-2021;09:48:20;117205.23;559813.139;-1.189;0.01;0.01
L200090         ;2-10-2021;09:48:21;117204.814;559813.637;-1.18;0.01;0.01
L200091         ;2-10-2021;09:48:22;117204.383;559814.111;-1.182;0.01;0.01
L200092         ;2-10-2021;09:48:23;117204.059;559814.459;-1.183;0.01;0.01
L200093         ;2-10-2021;09:48:24;117203.547;559814.975;-1.186;0.01;0.01
L200094         ;2-10-2021;09:48:25;117203.033;559815.445;-1.138;0.01;0.01
L200095         ;2-10-2021;09:48:26;117202.765;559815.611;-1.144;0.01;0.01
L200096         ;2-10-2021;09:48:27;117202.687;559815.891;-1.112;0.01;0.01
L200097         ;2-10-2021;09:48:28;117202.295;559816.174;-1.096;0.01;0.01
L200098         ;2-10-2021;09:48:29;117202.044;559816.377;-1.088;0.01;0.01
L200099         ;2-10-2021;09:48:30;117201.955;559816.734;-1.037;0.01;0.01
L200100         ;2-10-2021;09:48:31;117201.598;559817.125;-0.975;0.01;0.01
L200101         ;2-10-2021;09:48:32;117201.197;559817.561;-0.906;0.01;0.01
L200102         ;2-10-2021;09:48:33;117200.84;559817.989;-0.84;0.01;0.01
L200103         ;2-10-2021;09:48:34;117200.42;559818.44;-0.73;0.01;0.01
L200104         ;2-10-2021;09:48:35;117200.055;559818.604;-0.599;0.01;0.01
L200105         ;2-10-2021;09:48:36;117199.663;559818.992;-0.535;0.01;0.01
L200106         ;2-10-2021;09:48:37;117199.283;559819.299;-0.484;0.01;0.01
L200107         ;2-10-2021;09:48:38;117198.775;559819.589;-0.421;0.01;0.01
L200108         ;2-10-2021;09:48:39;117198.273;559820.129;-0.333;0.01;0.01
L200109         ;2-10-2021;09:48:40;117197.936;559820.523;-0.254;0.01;0.01
L200110         ;2-10-2021;09:48:41;117197.284;559821.035;-0.135;0.01;0.01
L200111         ;2-10-2021;09:48:42;117196.683;559821.586;-0.029;0.01;0.01
L200112         ;2-10-2021;09:48:43;117196.136;559822.241;0.057;0.01;0.01
L200113         ;2-10-2021;09:48:44;117195.475;559822.918;0.167;0.01;0.01
L200114         ;2-10-2021;09:48:45;117194.855;559823.618;0.243;0.01;0.01
L200115         ;2-10-2021;09:48:46;117194.07;559824.396;0.322;0.01;0.01
L200116         ;2-10-2021;09:48:47;117193.373;559824.976;0.344;0.01;0.01
L200117         ;2-10-2021;09:48:48;117192.636;559825.588;0.33;0.01;0.01
L200118         ;2-10-2021;09:48:49;117191.808;559826.328;0.377;0.01;0.01
L200119         ;2-10-2021;09:48:50;117191.066;559827.041;0.408;0.01;0.01
L200120         ;2-10-2021;09:48:51;117190.331;559827.795;0.45;0.01;0.01
L200121         ;2-10-2021;09:48:52;117189.447;559828.535;0.536;0.01;0.01
L200122         ;2-10-2021;09:48:53;117188.786;559829.157;0.637;0.01;0.01
L200123         ;2-10-2021;09:48:54;117188.033;559829.712;0.756;0.01;0.01
L200124         ;2-10-2021;09:48:55;117187.65;559830.142;0.868;0.01;0.01
L200125         ;2-10-2021;09:48:56;117187.34;559830.426;1.045;0.01;0.01
L200126         ;2-10-2021;09:48:57;117186.748;559830.965;1.099;0.01;0.01
L200127         ;2-10-2021;09:48:58;117186.172;559831.604;1.112;0.01;0.01
L200128         ;2-10-2021;09:48:59;117185.463;559832.335;1.077;0.01;0.01
L200129         ;2-10-2021;0.409027778;117184.538;559833.094;1;0.01;0.01
L200130         ;2-10-2021;09:49:01;117183.545;559833.927;0.996;0.01;0.01
L200131         ;2-10-2021;09:49:02;117182.607;559834.702;1.032;0.01;0.01
L200132         ;2-10-2021;09:49:03;117181.713;559835.533;1.082;0.01;0.01
L200133         ;2-10-2021;09:49:04;117180.771;559836.315;1.148;0.01;0.01
L200134         ;2-10-2021;09:49:05;117179.927;559837.046;1.133;0.01;0.01
L200135         ;2-10-2021;09:49:06;117178.957;559837.957;1.248;0.01;0.01
L200136         ;2-10-2021;09:49:07;117178.031;559838.692;1.312;0.01;0.01
L200137         ;2-10-2021;09:49:08;117177.289;559839.374;1.337;0.01;0.01
L200138         ;2-10-2021;09:49:09;117176.281;559840.105;1.374;0.01;0.01
L200139         ;2-10-2021;09:49:10;117175.23;559840.876;1.408;0.01;0.01
L200140         ;2-10-2021;09:49:11;117174.274;559841.602;1.472;0.01;0.01
L200141         ;2-10-2021;09:49:12;117173.42;559842.293;1.531;0.01;0.01
L200142         ;2-10-2021;09:49:13;117172.506;559842.989;1.485;0.01;0.01
L200143         ;2-10-2021;09:49:14;117171.639;559843.747;1.459;0.01;0.01
L200144         ;2-10-2021;09:49:15;117170.689;559844.557;1.427;0.01;0.01
L200145         ;2-10-2021;09:49:16;117169.664;559845.349;1.435;0.01;0.01
L200146         ;2-10-2021;09:49:17;117168.813;559846.111;1.429;0.01;0.01
L200147         ;2-10-2021;09:49:18;117167.975;559846.825;1.414;0.01;0.01
L200148         ;2-10-2021;09:49:19;117167.033;559847.559;1.409;0.01;0.01
L200149         ;2-10-2021;09:49:20;117166.159;559848.292;1.422;0.01;0.01
L200150         ;2-10-2021;09:49:21;117165.191;559849.06;1.446;0.01;0.01
L200151         ;2-10-2021;09:49:22;117164.228;559849.86;1.469;0.01;0.01
L200152         ;2-10-2021;09:49:23;117163.296;559850.672;1.51;0.01;0.01
L200153         ;2-10-2021;09:49:24;117162.42;559851.466;1.525;0.01;0.01
L200154         ;2-10-2021;09:49:25;117161.49;559852.187;1.539;0.01;0.01
L200155         ;2-10-2021;09:49:26;117160.533;559852.901;1.592;0.01;0.01
L200156         ;2-10-2021;09:49:27;117159.541;559853.633;1.67;0.01;0.01
L200157         ;2-10-2021;09:49:28;117158.767;559854.359;1.77;0.01;0.01
L200158         ;2-10-2021;09:49:29;117158.184;559854.948;1.781;0.01;0.01
L1000001        ;2-10-2021;10:13:08;117447.828;560045.038;-1.422;0.01;0.01
L1000002        ;2-10-2021;10:13:09;117447.262;560045.285;-1.43;0.01;0.01
L1000003        ;2-10-2021;10:13:10;117446.767;560045.419;-1.414;0.01;0.01
L1000004        ;2-10-2021;10:13:11;117446.253;560045.555;-1.413;0.01;0.01
L1000005        ;2-10-2021;10:13:12;117445.75;560045.774;-1.417;0.01;0.01
L1000006        ;2-10-2021;10:13:13;117445.206;560045.996;-1.441;0.01;0.01
L1000007        ;2-10-2021;10:13:14;117444.582;560046.072;-1.431;0.01;0.01
L1000008        ;2-10-2021;10:13:15;117443.961;560046.456;-1.414;0.01;0.01
L1000009        ;2-10-2021;10:13:16;117443.407;560046.662;-1.403;0.01;0.01
L1000010        ;2-10-2021;10:13:17;117442.807;560046.738;-1.421;0.01;0.01
L1000011        ;2-10-2021;10:13:18;117442.253;560047.158;-1.412;0.01;0.01
L1000012        ;2-10-2021;10:13:19;117441.554;560047.435;-1.42;0.01;0.01
L1000013        ;2-10-2021;10:13:20;117441.038;560047.44;-1.46;0.01;0.01
L1000014        ;2-10-2021;10:13:21;117440.396;560047.706;-1.449;0.01;0.01
L1000015        ;2-10-2021;10:13:22;117439.802;560047.956;-1.439;0.01;0.01
L1000016        ;2-10-2021;10:13:23;117439.187;560048.24;-1.448;0.01;0.01
L1000017        ;2-10-2021;10:13:24;117438.782;560048.445;-1.432;0.01;0.01
L1000018        ;2-10-2021;10:13:25;117438.151;560048.664;-1.444;0.01;0.01
L1000019        ;2-10-2021;10:13:26;117437.584;560048.842;-1.45;0.01;0.01
L1000020        ;2-10-2021;10:13:27;117437.105;560049.024;-1.445;0.01;0.01
L1000021        ;2-10-2021;10:13:28;117436.52;560049.274;-1.444;0.01;0.01
L1000022        ;2-10-2021;10:13:29;117436.11;560049.619;-1.459;0.01;0.01
L1000023        ;2-10-2021;10:13:30;117435.508;560049.783;-1.454;0.01;0.01
L1000024        ;2-10-2021;10:13:31;117434.954;560050.002;-1.449;0.01;0.01
L1000025        ;2-10-2021;10:13:32;117434.407;560050.176;-1.457;0.01;0.01
L1000026        ;2-10-2021;10:13:33;117434.039;560050.388;-1.451;0.01;0.01
L1000027        ;2-10-2021;10:13:34;117433.525;560050.618;-1.448;0.01;0.01
L1000028        ;2-10-2021;10:13:35;117433.221;560050.872;-1.438;0.01;0.01
L1000029        ;2-10-2021;10:13:36;117432.569;560050.958;-1.432;0.01;0.01
L1000030        ;2-10-2021;10:13:37;117432.18;560051.161;-1.416;0.01;0.01
L1000031        ;2-10-2021;10:13:38;117431.732;560051.338;-1.398;0.01;0.01
L1000032        ;2-10-2021;10:13:39;117431.15;560051.537;-1.374;0.01;0.01
L1000033        ;2-10-2021;10:13:40;117430.662;560051.837;-1.351;0.01;0.01
L1000034        ;2-10-2021;10:13:41;117430.175;560051.917;-1.322;0.01;0.01
L1000035        ;2-10-2021;10:13:42;117429.581;560052.081;-1.285;0.01;0.01
L1000036        ;2-10-2021;10:13:43;117429.035;560052.17;-1.271;0.01;0.01
L1000037        ;2-10-2021;10:13:44;117428.568;560052.362;-1.248;0.01;0.01
L1000038        ;2-10-2021;10:13:45;117427.806;560052.557;-1.236;0.01;0.01
L1000039        ;2-10-2021;10:13:46;117427.288;560052.878;-1.204;0.01;0.01
L1000040        ;2-10-2021;10:13:47;117426.528;560052.944;-1.142;0.01;0.01
L1000041        ;2-10-2021;10:13:48;117425.813;560053.062;-1.122;0.01;0.01
L1000042        ;2-10-2021;10:13:49;117425.141;560053.243;-1.079;0.01;0.01
L1000043        ;2-10-2021;10:13:50;117424.438;560053.377;-1.029;0.01;0.01
L1000044        ;2-10-2021;10:13:51;117423.737;560053.433;-0.96;0.01;0.01
L1000045        ;2-10-2021;10:13:52;117423.094;560053.737;-0.859;0.01;0.01
L1000046        ;2-10-2021;10:13:53;117422.545;560053.809;-0.79;0.01;0.01
L1000047        ;2-10-2021;10:13:54;117421.841;560053.839;-0.665;0.01;0.01
L1000048        ;2-10-2021;10:13:55;117421.167;560053.951;-0.572;0.01;0.01
L1000049        ;2-10-2021;10:13:56;117420.351;560054.246;-0.479;0.01;0.01
L1000050        ;2-10-2021;10:13:57;117419.769;560054.4;-0.392;0.01;0.01
L1000051        ;2-10-2021;10:13:58;117418.866;560054.668;-0.288;0.01;0.01
L1000052        ;2-10-2021;10:13:59;117417.961;560054.988;-0.15;0.01;0.01
L1000053        ;2-10-2021;10:14:00;117416.938;560055.264;-0.009;0.01;0.01
L1000054        ;2-10-2021;10:14:01;117415.911;560055.533;0.104;0.01;0.01
L1000055        ;2-10-2021;10:14:02;117414.882;560055.807;0.205;0.01;0.01
L1000056        ;2-10-2021;10:14:03;117413.881;560056.098;0.284;0.01;0.01
L1000057        ;2-10-2021;10:14:04;117412.809;560056.437;0.311;0.01;0.01
L1000058        ;2-10-2021;10:14:05;117411.714;560056.879;0.331;0.01;0.01
L1000059        ;2-10-2021;10:14:06;117410.612;560057.379;0.325;0.01;0.01
L1000060        ;2-10-2021;10:14:07;117409.503;560057.878;0.403;0.01;0.01
L1000061        ;2-10-2021;10:14:08;117408.422;560058.357;0.444;0.01;0.01
L1000062        ;2-10-2021;10:14:09;117407.387;560058.809;0.499;0.01;0.01
L1000063        ;2-10-2021;10:14:10;117406.337;560059.337;0.572;0.01;0.01
L1000064        ;2-10-2021;10:14:11;117405.301;560059.867;0.721;0.01;0.01
L1000065        ;2-10-2021;10:14:12;117404.579;560060.265;0.873;0.01;0.01
L1000066        ;2-10-2021;10:14:13;117403.997;560060.645;1.027;0.01;0.01
L1000067        ;2-10-2021;10:14:14;117403.168;560061.034;1.05;0.01;0.01
L1000068        ;2-10-2021;10:14:15;117402.369;560061.524;1.038;0.01;0.01
L1000069        ;2-10-2021;10:14:16;117401.267;560062.034;0.95;0.01;0.01
L1000070        ;2-10-2021;10:14:17;117400.104;560062.651;0.979;0.01;0.01
L1000071        ;2-10-2021;10:14:18;117398.975;560063.255;0.99;0.01;0.01
L1000072        ;2-10-2021;10:14:19;117397.859;560063.885;0.996;0.01;0.01
L1000073        ;2-10-2021;10:14:20;117396.811;560064.552;0.931;0.01;0.01
L1000074        ;2-10-2021;10:14:21;117395.677;560065.147;0.869;0.01;0.01
L1000075        ;2-10-2021;10:14:22;117394.52;560065.727;0.77;0.01;0.01
L1000076        ;2-10-2021;10:14:23;117393.294;560066.343;0.726;0.01;0.01
L1000077        ;2-10-2021;10:14:24;117392.168;560066.977;0.7;0.01;0.01
L1000078        ;2-10-2021;10:14:25;117391.054;560067.581;0.733;0.01;0.01
L1000079        ;2-10-2021;10:14:26;117389.924;560068.074;0.744;0.01;0.01
L1000080        ;2-10-2021;10:14:27;117388.724;560068.705;0.796;0.01;0.01
L1000081        ;2-10-2021;10:14:28;117387.79;560069.204;0.918;0.01;0.01
L300001         ;2-10-2021;10:39:52;116852.861;559513.315;-1.588;0.01;0.01
L300002         ;2-10-2021;10:39:53;116852.601;559513.614;-1.585;0.01;0.01
L300003         ;2-10-2021;10:39:54;116852.3;559514.031;-1.568;0.01;0.01
L300004         ;2-10-2021;10:39:55;116852.233;559514.325;-1.551;0.01;0.01
L300005         ;2-10-2021;10:39:56;116851.915;559514.66;-1.552;0.01;0.01
L300006         ;2-10-2021;10:39:57;116851.556;559515.096;-1.531;0.01;0.01
L300007         ;2-10-2021;10:39:58;116851.328;559515.479;-1.525;0.01;0.01
L300008         ;2-10-2021;10:39:59;116851.059;559516.036;-1.524;0.01;0.01
L300009         ;2-10-2021;10:40:00;116850.983;559516.468;-1.505;0.01;0.01
L300010         ;2-10-2021;10:40:01;116850.744;559516.813;-1.5;0.01;0.01
L300011         ;2-10-2021;10:40:02;116850.387;559517.481;-1.478;0.01;0.01
L300012         ;2-10-2021;10:40:03;116850.105;559517.866;-1.475;0.01;0.01
L300013         ;2-10-2021;10:40:04;116849.858;559518.322;-1.475;0.01;0.01
L300014         ;2-10-2021;10:40:05;116849.649;559518.794;-1.477;0.01;0.01
L300015         ;2-10-2021;10:40:06;116849.415;559519.467;-1.462;0.01;0.01
L300016         ;2-10-2021;10:40:07;116849.184;559519.955;-1.453;0.01;0.01
L300017         ;2-10-2021;10:40:08;116848.93;559520.37;-1.441;0.01;0.01
L300018         ;2-10-2021;10:40:09;116848.596;559521.026;-1.424;0.01;0.01
L300019         ;2-10-2021;10:40:10;116848.24;559521.424;-1.43;0.01;0.01
L300020         ;2-10-2021;10:40:11;116848.003;559521.994;-1.411;0.01;0.01
L300021         ;2-10-2021;10:40:12;116847.746;559522.482;-1.396;0.01;0.01
L300022         ;2-10-2021;10:40:13;116847.568;559523.048;-1.371;0.01;0.01
L300023         ;2-10-2021;10:40:14;116847.206;559523.676;-1.338;0.01;0.01
L300024         ;2-10-2021;10:40:15;116846.903;559524.059;-1.325;0.01;0.01
L300025         ;2-10-2021;10:40:16;116846.704;559524.503;-1.299;0.01;0.01
L300026         ;2-10-2021;10:40:17;116846.369;559525.123;-1.265;0.01;0.01
L300027         ;2-10-2021;10:40:18;116846.079;559525.496;-1.259;0.01;0.01
L300028         ;2-10-2021;10:40:19;116845.815;559526.129;-1.229;0.01;0.01
L300029         ;2-10-2021;10:40:20;116845.49;559526.853;-1.189;0.01;0.01
L300030         ;2-10-2021;10:40:21;116845.033;559527.363;-1.188;0.01;0.01
L300031         ;2-10-2021;10:40:22;116844.842;559527.909;-1.172;0.01;0.01
L300032         ;2-10-2021;10:40:23;116844.459;559528.568;-1.178;0.01;0.01
L300033         ;2-10-2021;10:40:24;116844.258;559529.234;-1.162;0.01;0.01
L300034         ;2-10-2021;10:40:25;116843.898;559529.896;-1.164;0.01;0.01
L300035         ;2-10-2021;10:40:26;116843.473;559530.486;-1.17;0.01;0.01
L300036         ;2-10-2021;10:40:27;116843.132;559531.039;-1.165;0.01;0.01
L300037         ;2-10-2021;10:40:28;116842.659;559531.616;-1.15;0.01;0.01
L300038         ;2-10-2021;10:40:29;116842.281;559532.256;-1.132;0.01;0.01
L300039         ;2-10-2021;10:40:30;116841.873;559532.869;-1.127;0.01;0.01
L300040         ;2-10-2021;10:40:31;116841.486;559533.522;-1.114;0.01;0.01
L300041         ;2-10-2021;10:40:32;116841.137;559534.158;-1.098;0.01;0.01
L300042         ;2-10-2021;10:40:33;116840.74;559534.685;-1.074;0.01;0.01
L300043         ;2-10-2021;10:40:34;116840.249;559535.317;-1.036;0.01;0.01
L300044         ;2-10-2021;10:40:35;116839.995;559535.909;-0.98;0.01;0.01
L300045         ;2-10-2021;10:40:36;116839.58;559536.571;-0.933;0.01;0.01
L300046         ;2-10-2021;10:40:37;116839.101;559537.329;-0.874;0.01;0.01
L300047         ;2-10-2021;10:40:38;116838.823;559537.808;-0.791;0.01;0.01
L300048         ;2-10-2021;10:40:39;116838.401;559538.45;-0.643;0.01;0.01
L300049         ;2-10-2021;10:40:40;116837.979;559539.246;-0.531;0.01;0.01
L300050         ;2-10-2021;10:40:41;116837.635;559539.887;-0.433;0.01;0.01
L300051         ;2-10-2021;10:40:42;116837.087;559540.627;-0.376;0.01;0.01
L300052         ;2-10-2021;10:40:43;116836.681;559541.341;-0.281;0.01;0.01
L300053         ;2-10-2021;10:40:44;116836.061;559542.179;-0.143;0.01;0.01
L300054         ;2-10-2021;10:40:45;116835.425;559543.124;-0.014;0.01;0.01
L300055         ;2-10-2021;10:40:46;116834.798;559544.18;0.108;0.01;0.01
L300056         ;2-10-2021;10:40:47;116834.219;559545.246;0.21;0.01;0.01
L300057         ;2-10-2021;10:40:48;116833.527;559546.339;0.29;0.01;0.01
L300058         ;2-10-2021;10:40:49;116832.706;559547.329;0.351;0.01;0.01
L300059         ;2-10-2021;10:40:50;116831.964;559548.348;0.257;0.01;0.01
L300060         ;2-10-2021;10:40:51;116831.163;559549.485;0.336;0.01;0.01
L300061         ;2-10-2021;10:40:52;116830.394;559550.518;0.383;0.01;0.01
L300062         ;2-10-2021;10:40:53;116829.536;559551.742;0.455;0.01;0.01
L300063         ;2-10-2021;10:40:54;116828.582;559552.835;0.556;0.01;0.01
L300064         ;2-10-2021;10:40:55;116827.853;559553.83;0.745;0.01;0.01
L300065         ;2-10-2021;10:40:56;116826.998;559554.884;0.992;0.01;0.01
L300066         ;2-10-2021;10:40:57;116826.311;559555.715;1.011;0.01;0.01
L300067         ;2-10-2021;10:40:58;116825.649;559556.612;1.08;0.01;0.01
L300068         ;2-10-2021;10:40:59;116824.796;559557.615;1.126;0.01;0.01
L300069         ;2-10-2021;0.445138889;116824.068;559558.576;1.089;0.01;0.01
L300070         ;2-10-2021;10:41:01;116823.268;559559.544;1.011;0.01;0.01
L300071         ;2-10-2021;10:41:02;116822.446;559560.626;1.139;0.01;0.01
L300072         ;2-10-2021;10:41:03;116821.806;559561.596;1.235;0.01;0.01
L300073         ;2-10-2021;10:41:04;116821.255;559562.614;1.236;0.01;0.01
L300074         ;2-10-2021;10:41:05;116820.479;559563.727;1.298;0.01;0.01
L300075         ;2-10-2021;10:41:06;116819.636;559564.726;1.348;0.01;0.01
L300076         ;2-10-2021;10:41:07;116818.812;559565.694;1.468;0.01;0.01
L300077         ;2-10-2021;10:41:08;116818.142;559566.642;1.591;0.01;0.01
L300078         ;2-10-2021;10:41:09;116817.495;559567.553;1.718;0.01;0.01
L400001         ;2-10-2021;11:04:05;116131.275;558914.502;-1.592;0.01;0.01
L400002         ;2-10-2021;11:04:06;116131.016;558914.548;-1.583;0.01;0.01
L400003         ;2-10-2021;11:04:07;116130.745;558914.855;-1.598;0.01;0.01
L400004         ;2-10-2021;11:04:08;116130.501;558915.121;-1.504;0.01;0.01
L400005         ;2-10-2021;11:04:09;116130.267;558914.877;-1.566;0.01;0.01
L400006         ;2-10-2021;11:04:10;116130.035;558914.894;-1.559;0.01;0.01
L400007         ;2-10-2021;11:04:11;116129.897;558914.893;-1.548;0.01;0.01
L400008         ;2-10-2021;11:04:12;116129.636;558915.059;-1.542;0.01;0.01
L400009         ;2-10-2021;11:04:13;116129.429;558915.196;-1.535;0.01;0.01
L400010         ;2-10-2021;11:04:14;116129.144;558915.599;-1.521;0.01;0.01
L400011         ;2-10-2021;11:04:15;116128.925;558915.923;-1.52;0.01;0.01
L400012         ;2-10-2021;11:04:16;116128.441;558916.301;-1.493;0.01;0.01
L400013         ;2-10-2021;11:04:17;116128.178;558916.53;-1.488;0.01;0.01
L400014         ;2-10-2021;11:04:18;116127.914;558916.933;-1.463;0.01;0.01
L400015         ;2-10-2021;11:04:19;116127.644;558917.419;-1.424;0.01;0.02
L400016         ;2-10-2021;11:04:20;116127.26;558917.848;-1.442;0.01;0.01
L400017         ;2-10-2021;11:04:21;116127.066;558918.219;-1.428;0.01;0.01
L400018         ;2-10-2021;11:04:22;116126.641;558918.67;-1.405;0.01;0.01
L400019         ;2-10-2021;11:04:23;116126.422;558918.934;-1.404;0.01;0.01
L400020         ;2-10-2021;11:04:24;116126.074;558919.267;-1.406;0.01;0.01
L400021         ;2-10-2021;11:04:25;116125.74;558919.69;-1.388;0.01;0.01
L400022         ;2-10-2021;11:04:26;116125.546;558920.149;-1.39;0.01;0.01
L400023         ;2-10-2021;11:04:27;116125.295;558920.486;-1.371;0.01;0.01
L400024         ;2-10-2021;11:04:28;116125.087;558920.834;-1.367;0.01;0.01
L400025         ;2-10-2021;11:04:29;116124.658;558921.354;-1.366;0.01;0.01
L400026         ;2-10-2021;11:04:30;116124.416;558921.881;-1.355;0.01;0.01
L400027         ;2-10-2021;11:04:31;116124.176;558922.395;-1.335;0.01;0.01
L400028         ;2-10-2021;11:04:32;116123.753;558922.789;-1.331;0.01;0.01
L400029         ;2-10-2021;11:04:33;116123.522;558923.307;-1.311;0.01;0.01
L400030         ;2-10-2021;11:04:34;116123.206;558923.768;-1.299;0.01;0.01
L400031         ;2-10-2021;11:04:35;116122.938;558924.328;-1.287;0.01;0.01
L400032         ;2-10-2021;11:04:36;116122.554;558924.994;-1.276;0.01;0.01
L400033         ;2-10-2021;11:04:37;116122.075;558925.603;-1.267;0.01;0.01
L400034         ;2-10-2021;11:04:38;116121.714;558926.21;-1.263;0.01;0.01
L400035         ;2-10-2021;11:04:39;116121.348;558926.842;-1.251;0.01;0.01
L400036         ;2-10-2021;11:04:40;116120.797;558927.471;-1.224;0.01;0.01
L400037         ;2-10-2021;11:04:41;116120.387;558928.076;-1.234;0.01;0.01
L400038         ;2-10-2021;11:04:42;116120.075;558928.861;-1.211;0.01;0.01
L400039         ;2-10-2021;11:04:43;116119.506;558929.284;-1.211;0.01;0.01
L400040         ;2-10-2021;11:04:44;116118.973;558929.958;-1.193;0.01;0.01
L400041         ;2-10-2021;11:04:45;116118.545;558930.638;-1.187;0.01;0.01
L400042         ;2-10-2021;11:04:46;116117.891;558931.093;-1.191;0.01;0.01
L400043         ;2-10-2021;11:04:47;116117.448;558931.638;-1.18;0.01;0.01
L400044         ;2-10-2021;11:04:48;116117.022;558932.304;-1.159;0.01;0.01
L400045         ;2-10-2021;11:04:49;116116.425;558932.955;-1.147;0.01;0.01
L400046         ;2-10-2021;11:04:50;116116.009;558933.573;-1.128;0.01;0.01
L400047         ;2-10-2021;11:04:51;116115.59;558934.404;-1.111;0.01;0.01
L400048         ;2-10-2021;11:04:52;116115.091;558935.003;-1.097;0.01;0.01
L400049         ;2-10-2021;11:04:53;116114.46;558935.627;-1.088;0.01;0.01
L400050         ;2-10-2021;11:04:54;116113.953;558936.386;-1.071;0.01;0.01
L400051         ;2-10-2021;11:04:55;116113.477;558937.13;-1.058;0.01;0.01
L400052         ;2-10-2021;11:04:56;116112.869;558937.649;-1.071;0.01;0.01
L400053         ;2-10-2021;11:04:57;116112.434;558938.368;-1.06;0.01;0.01
L400054         ;2-10-2021;11:04:58;116111.941;558938.937;-1.059;0.01;0.01
L400055         ;2-10-2021;11:04:59;116111.35;558939.627;-1.061;0.01;0.01
L400056         ;2-10-2021;0.461805556;116110.83;558940.442;-1.041;0.01;0.01
L400057         ;2-10-2021;11:05:01;116110.329;558941.068;-1.034;0.01;0.01
L400058         ;2-10-2021;11:05:02;116109.695;558941.83;-1.028;0.01;0.01
L400059         ;2-10-2021;11:05:03;116109.265;558942.585;-1.022;0.01;0.01
L400060         ;2-10-2021;11:05:04;116108.724;558943.189;-1.015;0.01;0.01
L400061         ;2-10-2021;11:05:05;116108.131;558944.037;-1.001;0.01;0.02
L400062         ;2-10-2021;11:05:06;116107.744;558944.675;-0.976;0.01;0.02
L400063         ;2-10-2021;11:05:07;116107.111;558945.313;-0.971;0.01;0.02
L400064         ;2-10-2021;11:05:08;116106.533;558946.077;-0.952;0.01;0.02
L400065         ;2-10-2021;11:05:09;116106.22;558946.8;-0.894;0.01;0.01
L400066         ;2-10-2021;11:05:10;116105.679;558947.409;-0.847;0.01;0.01
L400067         ;2-10-2021;11:05:11;116105.11;558948.087;-0.791;0.01;0.01
L400068         ;2-10-2021;11:05:12;116104.532;558948.778;-0.731;0.01;0.01
L400069         ;2-10-2021;11:05:13;116104.134;558949.481;-0.618;0.01;0.01
L400070         ;2-10-2021;11:05:14;116103.563;558950.293;-0.476;0.01;0.01
L400071         ;2-10-2021;11:05:15;116102.994;558950.996;-0.37;0.01;0.01
L400072         ;2-10-2021;11:05:16;116102.216;558951.874;-0.275;0.01;0.01
L400073         ;2-10-2021;11:05:17;116101.388;558952.901;-0.11;0.01;0.01
L400074         ;2-10-2021;11:05:18;116100.499;558953.875;0.043;0.01;0.01
L400075         ;2-10-2021;11:05:19;116099.56;558954.796;0.145;0.01;0.01
L400076         ;2-10-2021;11:05:20;116098.679;558955.771;0.196;0.01;0.01
L400077         ;2-10-2021;11:05:21;116097.872;558956.698;0.227;0.01;0.01
L400078         ;2-10-2021;11:05:22;116097.047;558957.649;0.252;0.01;0.01
L400079         ;2-10-2021;11:05:23;116096.152;558958.719;0.307;0.01;0.01
L400080         ;2-10-2021;11:05:24;116095.394;558959.764;0.344;0.01;0.01
L400081         ;2-10-2021;11:05:25;116094.613;558960.938;0.403;0.01;0.01
L400082         ;2-10-2021;11:05:26;116093.772;558962.149;0.476;0.01;0.01
L400083         ;2-10-2021;11:05:27;116092.99;558963.291;0.564;0.01;0.01
L400084         ;2-10-2021;11:05:28;116092.153;558964.42;0.774;0.01;0.01
L400085         ;2-10-2021;11:05:29;116091.382;558965.475;0.929;0.01;0.01
L400086         ;2-10-2021;11:05:30;116090.594;558966.53;0.872;0.01;0.01
L400087         ;2-10-2021;11:05:31;116089.714;558967.808;0.942;0.01;0.01
L400088         ;2-10-2021;11:05:32;116088.857;558968.898;1.091;0.01;0.01
L400089         ;2-10-2021;11:05:33;116088.204;558969.762;1.176;0.01;0.01
L400090         ;2-10-2021;11:05:34;116087.5;558970.853;1.273;0.01;0.01
L400091         ;2-10-2021;11:05:35;116086.717;558971.989;1.439;0.01;0.01
L400092         ;2-10-2021;11:05:36;116085.913;558973.048;1.635;0.01;0.01
L400093         ;2-10-2021;11:05:37;116085.376;558973.849;1.939;0.01;0.01
L400094         ;2-10-2021;11:05:38;116084.908;558974.611;2.158;0.01;0.01
L400095         ;2-10-2021;11:05:39;116084.253;558975.295;2.256;0.01;0.01
L400096         ;2-10-2021;11:05:40;116083.64;558976.093;2.279;0.01;0.01
L400097         ;2-10-2021;11:05:41;116083.026;558976.919;2.276;0.01;0.01
L400098         ;2-10-2021;11:05:42;116082.428;558977.847;2.256;0.01;0.01
L400099         ;2-10-2021;11:05:43;116081.477;558978.787;2.265;0.01;0.01
L400100         ;2-10-2021;11:05:44;116080.584;558979.718;2.291;0.01;0.01
