Point ID;GNSS Position SoLution.Start Time;;Easting;Northing;ELevation;GNSS Position SoLution.Antenna Height
L400001;23-9-2021 16:45;;116123.093;558921.71;-1.317;2
L400002;23-9-2021 16:45;;116123.136;558921.9;-1.306;2
L400003;23-9-2021 16:45;;116122.881;558922.142;-1.291;2
L400004;23-9-2021 16:45;;116122.493;558922.63;-1.275;2
L400005;23-9-2021 16:45;;116121.987;558923.417;-1.267;2
L400006;23-9-2021 16:45;;116121.651;558923.886;-1.259;2
L400007;23-9-2021 16:45;;116121.363;558924.4;-1.245;2
L400008;23-9-2021 16:45;;116121.013;558925.018;-1.236;2
L400009;23-9-2021 16:45;;116119.996;558926.536;-1.219;2
L400010;23-9-2021 16:45;;116119.663;558927.1;-1.187;2
L400011;23-9-2021 16:45;;116119.288;558927.701;-1.198;2
L400012;23-9-2021 16:46;;116118.504;558928.759;-1.168;2
L400013;23-9-2021 16:46;;116116.422;558931.882;-1.115;2
L400014;23-9-2021 16:46;;116115.945;558932.622;-1.11;2
L400015;23-9-2021 16:46;;116115.387;558933.4;-1.115;2
L400016;23-9-2021 16:46;;116114.633;558934.502;-1.081;2
L400017;23-9-2021 16:46;;116114.003;558935.443;-1.072;2
L400018;23-9-2021 16:46;;116113.603;558935.993;-1.08;2
L400019;23-9-2021 16:46;;116113.359;558936.535;-1.055;2
L400020;23-9-2021 16:46;;116113.028;558936.999;-1.059;2
L400021;23-9-2021 16:46;;116112.678;558937.557;-1.06;2
L400022;23-9-2021 16:46;;116112.224;558938.002;-1.029;2
L400023;23-9-2021 16:46;;116111.932;558938.428;-1.02;2
L400024;23-9-2021 16:46;;116111.431;558939.144;-1.031;2
L400025;23-9-2021 16:46;;116111.031;558939.578;-1.023;2
L400026;23-9-2021 16:46;;116110.569;558940.246;-1.009;2
L400027;23-9-2021 16:46;;116110.212;558940.815;-1.014;2
L400028;23-9-2021 16:46;;116109.712;558941.355;-1.011;2
L400029;23-9-2021 16:46;;116109.296;558941.87;-1.015;2
L400030;23-9-2021 16:46;;116109.046;558942.48;-1.009;2
L400031;23-9-2021 16:46;;116108.704;558943.015;-0.982;2
L400032;23-9-2021 16:46;;116108.34;558943.66;-0.995;2
L400033;23-9-2021 16:46;;116107.933;558944.287;-0.986;2
L400034;23-9-2021 16:46;;116107.492;558944.784;-0.981;2
L400035;23-9-2021 16:46;;116107.201;558945.292;-0.972;2
L400036;23-9-2021 16:46;;116106.764;558945.863;-0.958;2
L400037;23-9-2021 16:46;;116106.305;558946.54;-0.947;2
L400038;23-9-2021 16:46;;116105.878;558947.049;-0.915;2
L400039;23-9-2021 16:46;;116105.577;558947.51;-0.846;2
L400040;23-9-2021 16:46;;116105.313;558947.953;-0.778;2
L400041;23-9-2021 16:46;;116104.951;558948.404;-0.734;2
L400042;23-9-2021 16:46;;116104.551;558948.997;-0.67;2
L400043;23-9-2021 16:46;;116104.315;558949.427;-0.527;2
L400044;23-9-2021 16:46;;116104.116;558950.001;-0.467;2
L400045;23-9-2021 16:46;;116103.932;558950.546;-0.391;2
L400046;23-9-2021 16:46;;116103.592;558951.282;-0.287;2
L400047;23-9-2021 16:46;;116103.115;558952.058;-0.179;2
L400048;23-9-2021 16:46;;116102.585;558952.852;-0.087;2
L400049;23-9-2021 16:46;;116101.803;558953.709;0.019;2
L400050;23-9-2021 16:46;;116101.024;558954.616;0.102;2
L400051;23-9-2021 16:46;;116100.227;558955.602;0.165;2
L400052;23-9-2021 16:46;;116099.494;558956.553;0.208;2
L400053;23-9-2021 16:46;;116098.7;558957.582;0.246;2
L400054;23-9-2021 16:46;;116097.953;558958.633;0.322;2
L400055;23-9-2021 16:46;;116097.159;558959.681;0.428;2
L400056;23-9-2021 16:46;;116096.383;558960.711;0.537;2
L400057;23-9-2021 16:46;;116095.643;558961.774;0.64;2
L400058;23-9-2021 16:46;;116094.852;558962.726;0.742;2
L400059;23-9-2021 16:46;;116094.177;558963.736;0.807;2
L400060;23-9-2021 16:46;;116093.466;558964.743;0.863;2
L400061;23-9-2021 16:46;;116092.641;558965.667;0.866;2
L400062;23-9-2021 16:46;;116091.954;558966.524;0.761;2
L400063;23-9-2021 16:46;;116091.283;558967.618;0.79;2
L400064;23-9-2021 16:46;;116090.749;558968.523;0.964;2
L400065;23-9-2021 16:47;;116090.086;558969.498;1.108;2
L400066;23-9-2021 16:47;;116089.415;558970.326;1.21;2
L400067;23-9-2021 16:47;;116088.739;558971.155;1.301;2
L400068;23-9-2021 16:47;;116087.984;558972.176;1.341;2
L400069;23-9-2021 16:47;;116087.393;558973.058;1.432;2
L400070;23-9-2021 16:47;;116086.673;558973.972;1.638;2
L400071;23-9-2021 16:47;;116086.06;558974.658;1.931;2
L400072;23-9-2021 16:47;;116085.452;558975.334;2.198;2
L400073;23-9-2021 16:47;;116084.685;558976.29;2.293;2
L400074;23-9-2021 16:47;;116084.02;558977.225;2.295;2
L400075;23-9-2021 16:47;;116083.296;558978.185;2.286;2
L400076;23-9-2021 16:47;;116082.713;558979.175;2.304;2
L400077;23-9-2021 16:47;;116081.905;558980.218;2.308;2
L400078;23-9-2021 16:47;;116081.1;558981.184;2.384;2
L400079;23-9-2021 16:47;;116080.388;558982.125;2.373;2
L400080;23-9-2021 16:47;;116079.657;558983.122;2.406;2
L400081;23-9-2021 16:47;;116079.037;558983.988;2.426;2
L400082;23-9-2021 16:47;;116078.229;558984.921;2.446;2
L400083;23-9-2021 16:47;;116077.376;558985.882;2.43;2
L400084;23-9-2021 16:47;;116076.684;558987.029;2.45;2
L400085;23-9-2021 16:47;;116075.121;558988.822;2.518;2
L400086;23-9-2021 16:47;;116073.677;558990.402;2.452;2
L400087;23-9-2021 16:47;;116072.978;558991.355;2.44;2
L400088;23-9-2021 16:47;;116072.221;558992.245;2.458;2
L400089;23-9-2021 16:47;;116071.425;558993.172;2.455;2
L400090;23-9-2021 16:47;;116070.648;558994.11;2.471;2
L400091;23-9-2021 16:47;;116069.825;558995.188;2.601;2
L400092;23-9-2021 16:47;;116069.174;558996.246;2.532;2
L400093;23-9-2021 16:47;;116068.298;558997.306;2.504;2
L400094;23-9-2021 16:47;;116067.66;558998.361;2.539;2
L400095;23-9-2021 16:47;;116066.97;558999.437;2.592;2
L400096;23-9-2021 16:47;;116065.737;559001.358;2.701;2
L400097;23-9-2021 16:47;;116065.252;559002.422;2.778;2
L400098;23-9-2021 16:47;;116064.666;559003.527;2.736;2
L400099;23-9-2021 16:47;;116063.953;559004.624;2.771;2
L400100;23-9-2021 16:47;;116063.272;559005.503;2.852;2
L400101;23-9-2021 16:47;;116062.694;559006.617;2.871;2
L400102;23-9-2021 16:47;;116062.096;559007.661;2.833;2
L400103;23-9-2021 16:47;;116061.285;559008.671;2.805;2
L400104;23-9-2021 16:47;;116060.482;559009.693;2.849;2
L400105;23-9-2021 16:47;;116059.761;559010.744;2.889;2
L400106;23-9-2021 16:47;;116059.179;559011.93;2.873;2
L400107;23-9-2021 16:47;;116058.601;559013.171;2.943;2
L400108;23-9-2021 16:47;;116057.962;559014.101;2.947;2
L400109;23-9-2021 16:47;;116057.08;559015.169;3.035;2
L400110;23-9-2021 16:47;;116056.525;559016.121;3.061;2
L400111;23-9-2021 16:47;;116055.863;559017.314;3.145;2
L400112;23-9-2021 16:47;;116055.318;559018.398;3.264;2
L400113;23-9-2021 16:47;;116054.848;559019.564;3.291;2
L400114;23-9-2021 16:47;;116054.198;559020.576;3.345;2
L400115;23-9-2021 16:47;;116053.678;559021.424;3.422;2
L400116;23-9-2021 16:47;;116053.089;559022.498;3.492;2
L400117;23-9-2021 16:47;;116052.408;559023.557;3.551;2
L400118;23-9-2021 16:47;;116051.658;559024.559;3.552;2
L400119;23-9-2021 16:47;;116050.971;559025.477;3.591;2
L400120;23-9-2021 16:47;;116050.398;559026.436;3.631;2
L400121;23-9-2021 16:47;;116049.574;559027.439;3.633;2
L400122;23-9-2021 16:48;;116048.747;559028.327;3.673;2
L400123;23-9-2021 16:48;;116048.023;559029.255;3.671;2
L400124;23-9-2021 16:48;;116047.336;559030.423;3.795;2
L400125;23-9-2021 16:48;;116046.814;559031.527;3.864;2
L400126;23-9-2021 16:48;;116046.223;559032.42;3.903;2
L400127;23-9-2021 16:48;;116045.613;559033.479;3.973;2
L400128;23-9-2021 16:48;;116044.986;559034.228;3.996;2
L400129;23-9-2021 16:48;;116044.39;559035.113;4.031;2
L400130;23-9-2021 16:48;;116043.894;559036.18;4.045;2
L400131;23-9-2021 16:48;;116043.553;559037.298;4.129;2
L400132;23-9-2021 16:48;;116043.083;559038.348;4.222;2
L400133;23-9-2021 16:48;;116042.6;559039.313;4.302;2
L400134;23-9-2021 16:48;;116042.088;559040.279;4.385;2
L400135;23-9-2021 16:48;;116041.715;559041.143;4.485;2
L400136;23-9-2021 16:48;;116041.561;559041.303;4.494;2
L500001;23-9-2021 16:20;;115719.038;558559.224;-1.443;2
L500002;23-9-2021 16:20;;115718.884;558559.356;-1.456;2
L500003;23-9-2021 16:20;;115718.577;558559.713;-1.439;2
L500004;23-9-2021 16:20;;115718.147;558560.139;-1.418;2
L500005;23-9-2021 16:20;;115717.677;558560.642;-1.43;2
L500006;23-9-2021 16:20;;115717.374;558561.013;-1.419;2
L500007;23-9-2021 16:20;;115717.041;558561.398;-1.417;2
L500008;23-9-2021 16:20;;115716.697;558561.718;-1.418;2
L500009;23-9-2021 16:20;;115716.373;558562.077;-1.406;2
L500010;23-9-2021 16:20;;115715.987;558562.562;-1.401;2
L500011;23-9-2021 16:20;;115715.526;558563.071;-1.376;2
L500012;23-9-2021 16:20;;115715.024;558563.426;-1.375;2
L500013;23-9-2021 16:20;;115714.702;558563.799;-1.377;2
L500014;23-9-2021 16:20;;115714.323;558564.201;-1.377;2
L500015;23-9-2021 16:20;;115713.973;558564.679;-1.363;2
L500016;23-9-2021 16:20;;115713.571;558565.15;-1.378;2
L500017;23-9-2021 16:20;;115713.19;558565.456;-1.348;2
L500018;23-9-2021 16:20;;115712.833;558565.966;-1.344;2
L500019;23-9-2021 16:21;;115712.444;558566.415;-1.355;2
L500020;23-9-2021 16:21;;115711.943;558566.727;-1.327;2
L500021;23-9-2021 16:21;;115711.375;558567.233;-1.321;2
L500022;23-9-2021 16:21;;115711.132;558567.428;-1.358;2
L500023;23-9-2021 16:21;;115710.548;558568.085;-1.33;2
L500024;23-9-2021 16:21;;115710.35;558568.488;-1.326;2
L500025;23-9-2021 16:21;;115709.76;558569.11;-1.307;2
L500026;23-9-2021 16:21;;115709.32;558569.471;-1.308;2
L500027;23-9-2021 16:21;;115708.908;558569.874;-1.303;2
L500028;23-9-2021 16:21;;115708.474;558570.38;-1.286;2
L500029;23-9-2021 16:21;;115707.932;558570.845;-1.289;2
L500030;23-9-2021 16:21;;115707.722;558571.107;-1.275;2
L500031;23-9-2021 16:21;;115707.249;558571.556;-1.262;2
L500032;23-9-2021 16:21;;115706.747;558572.132;-1.286;2
L500033;23-9-2021 16:21;;115706.215;558572.601;-1.277;2
L500034;23-9-2021 16:21;;115705.739;558573.008;-1.275;2
L500035;23-9-2021 16:21;;115705.377;558573.463;-1.256;2
L500036;23-9-2021 16:21;;115704.977;558573.842;-1.247;2
L500037;23-9-2021 16:21;;115704.503;558574.217;-1.24;2
L500038;23-9-2021 16:21;;115704.059;558574.75;-1.238;2
L500039;23-9-2021 16:21;;115703.509;558575.224;-1.235;2
L500040;23-9-2021 16:21;;115703.068;558575.576;-1.244;2
L500041;23-9-2021 16:21;;115702.634;558576.015;-1.231;2
L500042;23-9-2021 16:21;;115702.044;558576.446;-1.22;2
L500043;23-9-2021 16:21;;115701.539;558576.97;-1.212;2
L500044;23-9-2021 16:21;;115701.083;558577.431;-1.227;2
L500045;23-9-2021 16:21;;115700.579;558577.833;-1.206;2
L500046;23-9-2021 16:21;;115700.181;558578.302;-1.22;2
L500047;23-9-2021 16:21;;115699.651;558578.714;-1.205;2
L500048;23-9-2021 16:21;;115699.122;558579.189;-1.184;2
L500049;23-9-2021 16:21;;115698.666;558579.642;-1.192;2
L500050;23-9-2021 16:21;;115698.118;558580.041;-1.192;2
L500051;23-9-2021 16:21;;115697.625;558580.474;-1.185;2
L500052;23-9-2021 16:21;;115697.182;558580.966;-1.162;2
L500053;23-9-2021 16:21;;115696.602;558581.463;-1.181;2
L500054;23-9-2021 16:21;;115696.151;558581.97;-1.153;2
L500055;23-9-2021 16:21;;115695.73;558582.503;-1.142;2
L500056;23-9-2021 16:21;;115695.208;558582.902;-1.162;2
L500057;23-9-2021 16:21;;115694.727;558583.413;-1.154;2
L500058;23-9-2021 16:21;;115694.281;558583.945;-1.137;2
L500059;23-9-2021 16:21;;115693.718;558584.344;-1.122;2
L500060;23-9-2021 16:21;;115693.291;558584.774;-1.122;2
L500061;23-9-2021 16:21;;115692.851;558585.165;-1.127;2
L500062;23-9-2021 16:21;;115692.398;558585.699;-1.123;2
L500063;23-9-2021 16:21;;115691.93;558586.324;-1.112;2
L500064;23-9-2021 16:21;;115691.372;558586.808;-1.118;2
L500065;23-9-2021 16:21;;115690.862;558587.214;-1.096;2
L500066;23-9-2021 16:21;;115690.455;558587.784;-1.097;2
L500067;23-9-2021 16:21;;115689.822;558588.238;-1.099;2
L500068;23-9-2021 16:21;;115689.34;558588.776;-1.092;2
L500069;23-9-2021 16:21;;115688.928;558589.308;-1.101;2
L500070;23-9-2021 16:21;;115688.358;558589.627;-1.086;2
L500071;23-9-2021 16:21;;115687.822;558590.045;-1.084;2
L500072;23-9-2021 16:21;;115687.274;558590.547;-1.087;2
L500073;23-9-2021 16:21;;115686.659;558590.962;-1.084;2
L500074;23-9-2021 16:21;;115686.113;558591.389;-1.071;2
L500075;23-9-2021 16:21;;115685.548;558591.914;-1.058;2
L500076;23-9-2021 16:21;;115685.043;558592.358;-1.054;2
L500077;23-9-2021 16:21;;115684.536;558592.825;-1.045;2
L500078;23-9-2021 16:22;;115683.974;558593.402;-1.082;2
L500079;23-9-2021 16:22;;115683.439;558593.853;-1.074;2
L500080;23-9-2021 16:22;;115682.707;558594.514;-1.046;2
L500081;23-9-2021 16:22;;115681.857;558595.25;-1.035;2
L500082;23-9-2021 16:22;;115681.427;558595.776;-1.057;2
L500083;23-9-2021 16:22;;115680.956;558596.42;-1.028;2
L500084;23-9-2021 16:22;;115680.401;558596.81;-0.982;2
L500085;23-9-2021 16:22;;115679.936;558597.232;-0.997;2
L500086;23-9-2021 16:22;;115679.349;558597.689;-0.967;2
L500087;23-9-2021 16:22;;115678.77;558598.12;-0.939;2
L500088;23-9-2021 16:22;;115678.319;558598.566;-0.931;2
L500089;23-9-2021 16:22;;115677.826;558599.143;-0.918;2
L500090;23-9-2021 16:22;;115677.216;558599.77;-0.905;2
L500091;23-9-2021 16:22;;115676.634;558600.264;-0.889;2
L500092;23-9-2021 16:22;;115676.094;558600.716;-0.876;2
L500093;23-9-2021 16:22;;115675.548;558601.106;-0.9;2
L500094;23-9-2021 16:22;;115674.994;558601.623;-0.873;2
L500095;23-9-2021 16:22;;115674.5;558602.06;-0.864;2
L500096;23-9-2021 16:22;;115673.99;558602.546;-0.853;2
L500097;23-9-2021 16:22;;115673.462;558603.013;-0.847;2
L500098;23-9-2021 16:22;;115672.857;558603.456;-0.83;2
L500099;23-9-2021 16:22;;115672.262;558603.962;-0.81;2
L500100;23-9-2021 16:22;;115671.744;558604.453;-0.809;2
L500101;23-9-2021 16:22;;115671.231;558604.95;-0.777;2
L500102;23-9-2021 16:22;;115670.639;558605.471;-0.769;2
L500103;23-9-2021 16:22;;115670.045;558605.882;-0.78;2
L500104;23-9-2021 16:22;;115669.426;558606.374;-0.744;2
L500105;23-9-2021 16:22;;115668.862;558606.914;-0.751;2
L500106;23-9-2021 16:22;;115668.295;558607.351;-0.731;2
L500107;23-9-2021 16:22;;115667.839;558607.908;-0.694;2
L500108;23-9-2021 16:22;;115667.466;558608.486;-0.698;2
L500109;23-9-2021 16:22;;115666.9;558608.964;-0.681;2
L500110;23-9-2021 16:22;;115666.245;558609.503;-0.654;2
L500111;23-9-2021 16:22;;115665.668;558610.033;-0.622;2
L500112;23-9-2021 16:22;;115665.111;558610.522;-0.6;2
L500113;23-9-2021 16:22;;115664.53;558611.021;-0.562;2
L500114;23-9-2021 16:22;;115663.943;558611.505;-0.532;2
L500115;23-9-2021 16:22;;115663.428;558612.038;-0.467;2
L500116;23-9-2021 16:22;;115662.737;558612.589;-0.453;2
L500117;23-9-2021 16:22;;115662.154;558613.263;-0.408;2
L500118;23-9-2021 16:22;;115661.538;558613.982;-0.295;2
L500119;23-9-2021 16:22;;115660.845;558614.638;-0.173;2
L500120;23-9-2021 16:22;;115659.973;558615.157;-0.052;2
L500121;23-9-2021 16:22;;115659.063;558615.835;0.064;2
L500122;23-9-2021 16:22;;115658.137;558616.506;0.119;2
L500123;23-9-2021 16:22;;115657.141;558617.212;0.16;2
L500124;23-9-2021 16:22;;115656.25;558617.945;0.211;2
L500125;23-9-2021 16:22;;115655.332;558618.611;0.311;2
L500126;23-9-2021 16:22;;115654.463;558619.279;0.415;2
L500127;23-9-2021 16:22;;115653.641;558619.996;0.527;2
L500128;23-9-2021 16:22;;115652.67;558620.911;0.672;2
L500129;23-9-2021 16:22;;115651.011;558622.445;0.884;2
L500130;23-9-2021 16:22;;115650.192;558623.225;0.961;2
L500131;23-9-2021 16:22;;115649.398;558624.014;0.995;2
L500132;23-9-2021 16:22;;115648.653;558624.769;1.03;2
L500133;23-9-2021 16:22;;115647.933;558625.496;1.068;2
L500134;23-9-2021 16:22;;115647.11;558626.143;1.08;2
L500135;23-9-2021 16:22;;115646.207;558626.956;1.035;2
L500136;23-9-2021 16:23;;115645.328;558627.746;0.998;2
L500137;23-9-2021 16:23;;115644.54;558628.59;1.005;2
L500138;23-9-2021 16:23;;115643.598;558629.386;1.079;2
L500139;23-9-2021 16:23;;115642.783;558630.105;1.15;2
L500140;23-9-2021 16:23;;115641.943;558630.765;1.158;2
L500141;23-9-2021 16:23;;115641.225;558631.497;1.195;2
L500142;23-9-2021 16:23;;115640.487;558632.277;1.229;2
L500143;23-9-2021 16:23;;115639.804;558633.026;1.279;2
L500144;23-9-2021 16:23;;115639.037;558633.846;1.316;2
L500145;23-9-2021 16:23;;115638.263;558634.631;1.382;2
L500146;23-9-2021 16:23;;115637.491;558635.448;1.464;2
L500147;23-9-2021 16:23;;115636.637;558636.074;1.554;2
L500148;23-9-2021 16:23;;115635.844;558636.672;1.62;2
L500149;23-9-2021 16:23;;115634.961;558637.299;1.661;2
L500150;23-9-2021 16:23;;115634.007;558637.929;1.67;2
L500151;23-9-2021 16:23;;115633.251;558638.59;1.676;2
L500152;23-9-2021 16:23;;115632.303;558639.308;1.729;2
L500153;23-9-2021 16:23;;115631.449;558640.08;1.78;2
L500154;23-9-2021 16:23;;115630.459;558640.85;1.849;2
L500155;23-9-2021 16:23;;115629.574;558641.593;1.885;2
L500156;23-9-2021 16:23;;115628.688;558642.375;1.92;2
L500157;23-9-2021 16:23;;115627.536;558643.407;2.001;2
L500158;23-9-2021 16:23;;115626.758;558644.276;2.072;2
L500159;23-9-2021 16:23;;115625.886;558645.178;2.16;2
L500160;23-9-2021 16:23;;115625.038;558645.976;2.252;2
L500161;23-9-2021 16:23;;115624.194;558646.737;2.307;2
L500162;23-9-2021 16:23;;115623.35;558647.534;2.413;2
L500163;23-9-2021 16:23;;115622.495;558648.153;2.464;2
L500164;23-9-2021 16:23;;115621.722;558648.885;2.516;2
L500165;23-9-2021 16:23;;115620.989;558649.748;2.614;2
L500166;23-9-2021 16:23;;115620.28;558650.496;2.7;2
L500167;23-9-2021 16:23;;115619.413;558651.178;2.772;2
L500168;23-9-2021 16:23;;115618.499;558651.907;2.829;2
L500169;23-9-2021 16:23;;115617.605;558652.593;2.952;2
L500170;23-9-2021 16:23;;115616.909;558653.394;3.038;2
L500171;23-9-2021 16:23;;115615.616;558654.71;3.231;2
L500172;23-9-2021 16:23;;115614.528;558655.71;3.408;2
L500173;23-9-2021 16:23;;115613.785;558656.39;3.521;2
L500174;23-9-2021 16:23;;115611.945;558658.241;3.976;2
L600001;23-9-2021 15:53;;115475.32;558175.293;-1.424;2
L600002;23-9-2021 15:53;;115474.763;558175.755;-1.428;2
L600003;23-9-2021 15:53;;115474.59;558175.997;-1.428;2
L600004;23-9-2021 15:53;;115474.138;558176.307;-1.421;2
L600005;23-9-2021 15:53;;115472.094;558177.759;-1.399;2
L600006;23-9-2021 15:53;;115470.711;558178.675;-1.398;2
L600007;23-9-2021 15:53;;115470.144;558179.283;-1.396;2
L600008;23-9-2021 15:53;;115469.527;558179.833;-1.393;2
L600009;23-9-2021 15:53;;115469.137;558180.018;-1.379;2
L600010;23-9-2021 15:53;;115468.63;558180.258;-1.389;2
L600011;23-9-2021 15:53;;115468.098;558180.673;-1.376;2
L600012;23-9-2021 15:53;;115467.549;558181.029;-1.37;2
L600013;23-9-2021 15:53;;115467.08;558181.388;-1.382;2
L600014;23-9-2021 15:53;;115466.579;558181.766;-1.373;2
L600015;23-9-2021 15:53;;115466.13;558182.176;-1.376;2
L600016;23-9-2021 15:53;;115465.677;558182.553;-1.388;2
L600017;23-9-2021 15:53;;115465.136;558182.884;-1.38;2
L600018;23-9-2021 15:53;;115464.662;558183.286;-1.371;2
L600019;23-9-2021 15:53;;115464.22;558183.53;-1.367;2
L600020;23-9-2021 15:53;;115463.755;558183.825;-1.365;2
L600021;23-9-2021 15:53;;115463.314;558184.294;-1.353;2
L600022;23-9-2021 15:53;;115462.872;558184.67;-1.35;2
L600023;23-9-2021 15:53;;115462.435;558185.034;-1.348;2
L600024;23-9-2021 15:53;;115461.956;558185.439;-1.343;2
L600025;23-9-2021 15:53;;115461.469;558185.866;-1.347;2
L600026;23-9-2021 15:53;;115461.063;558186.184;-1.347;2
L600027;23-9-2021 15:53;;115460.541;558186.44;-1.335;2
L600028;23-9-2021 15:53;;115460.078;558186.824;-1.332;2
L600029;23-9-2021 15:54;;115459.529;558187.227;-1.331;2
L600030;23-9-2021 15:54;;115459.021;558187.43;-1.33;2
L600031;23-9-2021 15:54;;115458.544;558187.752;-1.316;2
L600032;23-9-2021 15:54;;115458.105;558188.176;-1.309;2
L600033;23-9-2021 15:54;;115457.627;558188.451;-1.325;2
L600034;23-9-2021 15:54;;115457.182;558188.814;-1.318;2
L600035;23-9-2021 15:54;;115456.744;558189.193;-1.31;2
L600036;23-9-2021 15:54;;115456.298;558189.535;-1.317;2
L600037;23-9-2021 15:54;;115455.787;558189.949;-1.32;2
L600038;23-9-2021 15:54;;115455.314;558190.38;-1.288;2
L600039;23-9-2021 15:54;;115454.814;558190.684;-1.296;2
L600040;23-9-2021 15:54;;115454.171;558191.105;-1.306;2
L600041;23-9-2021 15:54;;115453.814;558191.362;-1.281;2
L600042;23-9-2021 15:54;;115453.314;558191.744;-1.3;2
L600043;23-9-2021 15:54;;115452.857;558192.173;-1.273;2
L600044;23-9-2021 15:54;;115452.35;558192.566;-1.285;2
L600045;23-9-2021 15:54;;115451.774;558192.937;-1.261;2
L600046;23-9-2021 15:54;;115451.32;558193.35;-1.272;2
L600047;23-9-2021 15:54;;115450.791;558193.697;-1.266;2
L600048;23-9-2021 15:54;;115450.231;558194.142;-1.264;2
L600049;23-9-2021 15:54;;115449.774;558194.593;-1.263;2
L600050;23-9-2021 15:54;;115449.305;558194.97;-1.266;2
L600051;23-9-2021 15:54;;115448.719;558195.405;-1.275;2
L600052;23-9-2021 15:54;;115448.348;558195.702;-1.26;2
L600053;23-9-2021 15:54;;115447.888;558196.138;-1.252;2
L600054;23-9-2021 15:54;;115447.4;558196.539;-1.237;2
L600055;23-9-2021 15:54;;115446.884;558196.88;-1.237;2
L600056;23-9-2021 15:54;;115446.315;558197.24;-1.239;2
L600057;23-9-2021 15:54;;115445.871;558197.69;-1.232;2
L600058;23-9-2021 15:54;;115445.314;558198.084;-1.226;2
L600059;23-9-2021 15:54;;115444.863;558198.501;-1.232;2
L600060;23-9-2021 15:54;;115444.27;558198.89;-1.255;2
L600061;23-9-2021 15:54;;115443.593;558199.252;-1.227;2
L600062;23-9-2021 15:54;;115443.101;558199.664;-1.224;2
L600063;23-9-2021 15:54;;115442.628;558200.017;-1.2;2
L600064;23-9-2021 15:54;;115442.062;558200.364;-1.204;2
L600065;23-9-2021 15:54;;115441.553;558200.778;-1.201;2
L600066;23-9-2021 15:54;;115441.057;558201.057;-1.18;2
L600067;23-9-2021 15:54;;115440.593;558201.495;-1.178;2
L600068;23-9-2021 15:54;;115440.102;558201.939;-1.182;2
L600069;23-9-2021 15:54;;115439.528;558202.261;-1.169;2
L600070;23-9-2021 15:54;;115438.937;558202.636;-1.157;2
L600071;23-9-2021 15:54;;115438.404;558203.108;-1.169;2
L600072;23-9-2021 15:54;;115437.766;558203.469;-1.14;2
L600073;23-9-2021 15:54;;115437.183;558204.019;-1.151;2
L600074;23-9-2021 15:54;;115436.646;558204.586;-1.136;2
L600075;23-9-2021 15:54;;115436.052;558205.006;-1.147;2
L600076;23-9-2021 15:54;;115435.485;558205.464;-1.135;2
L600077;23-9-2021 15:54;;115434.834;558206.039;-1.147;2
L600078;23-9-2021 15:54;;115434.359;558206.468;-1.136;2
L600079;23-9-2021 15:54;;115433.783;558206.802;-1.125;2
L600080;23-9-2021 15:54;;115433.106;558207.228;-1.113;2
L600081;23-9-2021 15:54;;115432.58;558207.635;-1.115;2
L600082;23-9-2021 15:54;;115431.995;558207.939;-1.091;2
L600083;23-9-2021 15:54;;115431.571;558208.361;-1.103;2
L600084;23-9-2021 15:54;;115431.11;558208.801;-1.08;2
L600085;23-9-2021 15:54;;115430.601;558209.221;-1.077;2
L600086;23-9-2021 15:54;;115430.094;558209.694;-1.083;2
L600087;23-9-2021 15:54;;115429.55;558210.05;-1.074;2
L600088;23-9-2021 15:54;;115429.01;558210.33;-1.083;2
L600089;23-9-2021 15:55;;115428.449;558210.693;-1.072;2
L600090;23-9-2021 15:55;;115427.885;558211.095;-1.066;2
L600091;23-9-2021 15:55;;115427.309;558211.437;-1.058;2
L600092;23-9-2021 15:55;;115426.611;558211.756;-1.067;2
L600093;23-9-2021 15:55;;115426.019;558212.124;-1.05;2
L600094;23-9-2021 15:55;;115425.448;558212.473;-1.049;2
L600095;23-9-2021 15:55;;115424.887;558212.757;-1.059;2
L600096;23-9-2021 15:55;;115424.389;558213.179;-1.046;2
L600097;23-9-2021 15:55;;115423.792;558213.492;-1.041;2
L600098;23-9-2021 15:55;;115423.212;558213.737;-1.047;2
L600099;23-9-2021 15:55;;115422.605;558214.14;-1.03;2
L600100;23-9-2021 15:55;;115422.072;558214.475;-1.024;2
L600101;23-9-2021 15:55;;115421.55;558214.809;-1.031;2
L600102;23-9-2021 15:55;;115420.921;558215.22;-0.999;2
L600103;23-9-2021 15:55;;115420.34;558215.628;-0.98;2
L600104;23-9-2021 15:55;;115419.767;558215.943;-1.008;2
L600105;23-9-2021 15:55;;115419.062;558216.255;-0.997;2
L600106;23-9-2021 15:55;;115418.485;558216.705;-0.999;2
L600107;23-9-2021 15:55;;115417.849;558217.099;-1;2
L600108;23-9-2021 15:55;;115417.235;558217.422;-0.985;2
L600109;23-9-2021 15:55;;115416.698;558217.783;-0.978;2
L600110;23-9-2021 15:55;;115416.128;558218.071;-0.985;2
L600111;23-9-2021 15:55;;115415.524;558218.486;-0.97;2
L600112;23-9-2021 15:55;;115415.01;558218.964;-0.96;2
L600113;23-9-2021 15:55;;115414.486;558219.373;-0.929;2
L600114;23-9-2021 15:55;;115413.961;558219.755;-0.94;2
L600115;23-9-2021 15:55;;115413.383;558220.227;-0.937;2
L600116;23-9-2021 15:55;;115412.724;558220.615;-0.928;2
L600117;23-9-2021 15:55;;115412.086;558220.992;-0.916;2
L600118;23-9-2021 15:55;;115411.495;558221.455;-0.918;2
L600119;23-9-2021 15:55;;115410.822;558221.899;-0.902;2
L600120;23-9-2021 15:55;;115410.121;558222.4;-0.898;2
L600121;23-9-2021 15:55;;115409.551;558222.834;-0.905;2
L600122;23-9-2021 15:55;;115408.919;558223.171;-0.867;2
L600123;23-9-2021 15:55;;115408.255;558223.686;-0.848;2
L600124;23-9-2021 15:55;;115407.594;558224.246;-0.824;2
L600125;23-9-2021 15:55;;115406.873;558224.594;-0.799;2
L600126;23-9-2021 15:55;;115406.177;558225.061;-0.828;2
L600127;23-9-2021 15:55;;115405.564;558225.556;-0.792;2
L600128;23-9-2021 15:55;;115404.845;558225.995;-0.776;2
L600129;23-9-2021 15:55;;115404.169;558226.287;-0.756;2
L600130;23-9-2021 15:55;;115403.623;558226.688;-0.757;2
L600131;23-9-2021 15:55;;115402.943;558227.065;-0.743;2
L600132;23-9-2021 15:55;;115402.126;558227.518;-0.712;2
L600133;23-9-2021 15:55;;115401.462;558228.094;-0.716;2
L600134;23-9-2021 15:55;;115400.84;558228.615;-0.691;2
L600135;23-9-2021 15:55;;115400.272;558229.095;-0.674;2
L600136;23-9-2021 15:55;;115399.583;558229.642;-0.666;2
L600137;23-9-2021 15:55;;115399.113;558230.14;-0.636;2
L600138;23-9-2021 15:55;;115398.498;558230.549;-0.63;2
L600139;23-9-2021 15:55;;115397.888;558231.04;-0.584;2
L600140;23-9-2021 15:55;;115397.306;558231.596;-0.559;2
L600141;23-9-2021 15:55;;115396.494;558232.297;-0.539;2
L600142;23-9-2021 15:55;;115396.021;558232.836;-0.536;2
L600143;23-9-2021 15:55;;115395.437;558233.459;-0.501;2
L600144;23-9-2021 15:55;;115394.865;558234.045;-0.49;2
L600145;23-9-2021 15:55;;115394.172;558234.686;-0.461;2
L600146;23-9-2021 15:55;;115393.302;558235.415;-0.392;2
L600147;23-9-2021 15:55;;115392.538;558236.089;-0.419;2
L600148;23-9-2021 15:55;;115391.855;558236.845;-0.425;2
L600149;23-9-2021 15:56;;115391.113;558237.683;-0.412;2
L600150;23-9-2021 15:56;;115390.299;558238.444;-0.385;2
L600151;23-9-2021 15:56;;115389.522;558239.137;-0.386;2
L600152;23-9-2021 15:56;;115388.793;558239.849;-0.375;2
L600153;23-9-2021 15:56;;115387.987;558240.58;-0.395;2
L600154;23-9-2021 15:56;;115387.13;558241.316;-0.39;2
L600155;23-9-2021 15:56;;115386.225;558242.054;-0.387;2
L600156;23-9-2021 15:56;;115385.48;558242.901;-0.365;2
L600157;23-9-2021 15:56;;115384.683;558243.714;-0.379;2
L600158;23-9-2021 15:56;;115383.917;558244.579;-0.36;2
L600159;23-9-2021 15:56;;115383.103;558245.371;-0.347;2
L600160;23-9-2021 15:56;;115382.28;558246.111;-0.375;2
L600161;23-9-2021 15:56;;115381.511;558246.854;-0.399;2
L600162;23-9-2021 15:56;;115380.757;558247.729;-0.382;2
L600163;23-9-2021 15:56;;115380.022;558248.46;-0.409;2
L600164;23-9-2021 15:56;;115379.114;558249.174;-0.385;2
L600165;23-9-2021 15:56;;115378.349;558249.913;-0.393;2
L600166;23-9-2021 15:56;;115377.51;558250.593;-0.393;2
L600167;23-9-2021 15:56;;115376.658;558251.333;-0.375;2
L600168;23-9-2021 15:56;;115375.84;558252.026;-0.375;2
L600169;23-9-2021 15:56;;115375.004;558252.683;-0.359;2
L600170;23-9-2021 15:56;;115374.174;558253.269;-0.347;2
L600171;23-9-2021 15:56;;115373.268;558253.846;-0.365;2
L600172;23-9-2021 15:56;;115372.437;558254.528;-0.352;2
L600173;23-9-2021 15:56;;115371.595;558255.173;-0.364;2
L600174;23-9-2021 15:56;;115370.734;558255.831;-0.36;2
L600175;23-9-2021 15:56;;115369.813;558256.377;-0.262;2
L600176;23-9-2021 15:56;;115369.118;558257.028;-0.178;2
L600177;23-9-2021 15:56;;115368.339;558257.648;-0.037;2
L600178;23-9-2021 15:56;;115367.451;558258.313;0.05;2
L600179;23-9-2021 15:56;;115366.518;558259.013;0.198;2
L600180;23-9-2021 15:56;;115365.487;558259.7;0.37;2
L600181;23-9-2021 15:56;;115364.543;558260.474;0.526;2
L600182;23-9-2021 15:56;;115363.552;558261.228;0.645;2
L600183;23-9-2021 15:56;;115362.584;558261.967;0.784;2
L600184;23-9-2021 15:56;;115361.677;558262.649;0.922;2
L600185;23-9-2021 15:56;;115360.753;558263.332;1.071;2
L600186;23-9-2021 15:56;;115359.762;558264.012;1.201;2
L600187;23-9-2021 15:56;;115358.788;558264.769;1.259;2
L600188;23-9-2021 15:56;;115357.771;558265.604;1.339;2
L600189;23-9-2021 15:56;;115357.017;558266.022;1.45;2
L600190;23-9-2021 15:56;;115356.087;558266.843;1.475;2
L600191;23-9-2021 15:56;;115355.328;558267.481;1.57;2
L600192;23-9-2021 15:56;;115354.485;558267.988;1.646;2
L600193;23-9-2021 15:56;;115353.574;558268.627;1.662;2
L600194;23-9-2021 15:56;;115352.644;558269.363;1.726;2
L600195;23-9-2021 15:56;;115351.688;558270.181;1.706;2
L600196;23-9-2021 15:56;;115350.636;558270.936;1.731;2
L600197;23-9-2021 15:56;;115349.641;558271.719;1.785;2
L600198;23-9-2021 15:56;;115348.634;558272.369;1.866;2
L600199;23-9-2021 15:56;;115347.633;558273.135;1.839;2
L600200;23-9-2021 15:56;;115346.626;558273.875;1.841;2
L600201;23-9-2021 15:56;;115345.569;558274.684;1.757;2
L600202;23-9-2021 15:56;;115344.463;558275.518;1.752;2
L600203;23-9-2021 15:56;;115343.434;558276.375;1.825;2
L600204;23-9-2021 15:56;;115342.347;558277.139;1.904;2
L600205;23-9-2021 15:56;;115341.402;558277.923;1.999;2
L600206;23-9-2021 15:56;;115340.391;558278.723;2.051;2
L600207;23-9-2021 15:56;;115339.334;558279.463;2.108;2
L600208;23-9-2021 15:56;;115338.357;558280.25;2.178;2
L600209;23-9-2021 15:57;;115337.426;558281.055;2.211;2
L600210;23-9-2021 15:57;;115336.503;558281.952;2.308;2
L600211;23-9-2021 15:57;;115335.565;558282.834;2.365;2
L600212;23-9-2021 15:57;;115334.588;558283.31;2.439;2
L600213;23-9-2021 15:57;;115333.647;558284.059;2.499;2
L600214;23-9-2021 15:57;;115332.774;558284.839;2.538;2
L600215;23-9-2021 15:57;;115331.756;558285.548;2.614;2
L600216;23-9-2021 15:57;;115330.908;558286.298;2.709;2
L600217;23-9-2021 15:57;;115329.935;558287.153;2.781;2
L600218;23-9-2021 15:57;;115328.666;558288.062;2.883;2
L600219;23-9-2021 15:57;;115326.927;558289.117;3.097;2
L600220;23-9-2021 15:57;;115326.178;558289.721;3.239;2
L600221;23-9-2021 15:57;;115325.26;558290.278;3.488;2
L600222;23-9-2021 15:57;;115324.339;558290.908;3.887;2
L600223;23-9-2021 15:57;;115323.574;558291.645;4.072;2
L600224;23-9-2021 15:57;;115322.374;558292.557;4.285;2
L600225;23-9-2021 15:57;;115320.498;558293.987;4.519;2
L600226;23-9-2021 15:57;;115319.454;558294.604;4.747;2
L600227;23-9-2021 15:57;;115318.517;558295.467;4.994;2
L60228;23-9-2021 15:57;;115317.718;558296.078;5.271;2
L100001         ;23-9-2021;;117452.693;560042.773;-1.469;2
L100002         ;23-9-2021;;117452.634;560042.804;-1.476;2
L100003         ;23-9-2021;;117452.367;560042.846;-1.475;2
L100004         ;23-9-2021;;117452.037;560042.853;-1.49;2
L100005         ;23-9-2021;;117451.65;560042.993;-1.475;2
L100006         ;23-9-2021;;117451.252;560043.146;-1.462;2
L100007         ;23-9-2021;;117450.83;560043.347;-1.46;2
L100008         ;23-9-2021;;117450.389;560043.512;-1.463;2
L100009         ;23-9-2021;;117449.96;560043.612;-1.474;2
L100010         ;23-9-2021;;117449.586;560043.746;-1.485;2
L100011         ;23-9-2021;;117449.177;560043.842;-1.469;2
L100012         ;23-9-2021;;117448.831;560043.978;-1.471;2
L100013         ;23-9-2021;;117448.446;560044.199;-1.464;2
L100014         ;23-9-2021;;117448.081;560044.407;-1.449;2
L100015         ;23-9-2021;;117447.663;560044.525;-1.449;2
L100016         ;23-9-2021;;117447.297;560044.607;-1.452;2
L100017         ;23-9-2021;;117446.864;560044.788;-1.452;2
L100018         ;23-9-2021;;117446.386;560044.965;-1.449;2
L100019         ;23-9-2021;;117445.966;560045.073;-1.466;2
L100020         ;23-9-2021;;117445.555;560045.213;-1.475;2
L100021         ;23-9-2021;;117445.154;560045.386;-1.466;2
L100022         ;23-9-2021;;117444.714;560045.622;-1.461;2
L100023         ;23-9-2021;;117444.275;560045.783;-1.448;2
L100024         ;23-9-2021;;117443.881;560045.818;-1.458;2
L100025         ;23-9-2021;;117443.392;560045.93;-1.442;2
L100026         ;23-9-2021;;117442.936;560046.129;-1.453;2
L100027         ;23-9-2021;;117442.42;560046.377;-1.46;2
L100028         ;23-9-2021;;117442.002;560046.612;-1.449;2
L100029         ;23-9-2021;;117441.663;560046.712;-1.456;2
L100030         ;23-9-2021;;117441.203;560046.833;-1.457;2
L100031         ;23-9-2021;;117440.772;560047.04;-1.454;2
L100032         ;23-9-2021;;117440.353;560047.218;-1.458;2
L100033         ;23-9-2021;;117439.981;560047.296;-1.461;2
L100034         ;23-9-2021;;117439.621;560047.383;-1.473;2
L100035         ;23-9-2021;;117439.188;560047.507;-1.483;2
L100036         ;23-9-2021;;117438.765;560047.782;-1.471;2
L100037         ;23-9-2021;;117438.467;560047.869;-1.497;2
L100038         ;23-9-2021;;117438.042;560047.917;-1.485;2
L100039         ;23-9-2021;;117437.539;560048.05;-1.483;2
L100040         ;23-9-2021;;117437.059;560048.247;-1.477;2
L100041         ;23-9-2021;;117436.655;560048.402;-1.471;2
L100042         ;23-9-2021;;117436.269;560048.463;-1.469;2
L100043         ;23-9-2021;;117435.806;560048.622;-1.468;2
L100044         ;23-9-2021;;117435.315;560048.799;-1.468;2
L100045         ;23-9-2021;;117434.836;560049.042;-1.492;2
L100046         ;23-9-2021;;117434.32;560049.217;-1.492;2
L100047         ;23-9-2021;;117433.769;560049.331;-1.488;2
L100048         ;23-9-2021;;117433.256;560049.506;-1.474;2
L100049         ;23-9-2021;;117432.76;560049.739;-1.465;2
L100050         ;23-9-2021;;117432.292;560050.02;-1.457;2
L100051         ;23-9-2021;;117431.824;560050.144;-1.443;2
L100052         ;23-9-2021;;117431.272;560050.294;-1.428;2
L100053         ;23-9-2021;;117430.75;560050.463;-1.421;2
L100054         ;23-9-2021;;117430.265;560050.649;-1.405;2
L100055         ;23-9-2021;;117429.747;560050.77;-1.387;2
L100056         ;23-9-2021;;117429.232;560050.839;-1.354;2
L100057         ;23-9-2021;;117428.715;560051.116;-1.312;2
L100058         ;23-9-2021;;117428.172;560051.334;-1.287;2
L100059         ;23-9-2021;;117427.622;560051.516;-1.266;2
L100060         ;23-9-2021;;117427.144;560051.675;-1.229;2
L100061         ;23-9-2021;;117426.649;560051.834;-1.2;2
L100062         ;23-9-2021;;117426.157;560052.071;-1.179;2
L100063         ;23-9-2021;;117425.52;560052.365;-1.158;2
L100064         ;23-9-2021;;117424.885;560052.589;-1.128;2
L100065         ;23-9-2021;;117424.29;560052.84;-1.107;2
L100066         ;23-9-2021;;117423.749;560053.075;-1.096;2
L100067         ;23-9-2021;;117423.178;560053.279;-1.083;2
L100068         ;23-9-2021;;117422.743;560053.47;-0.998;2
L100069         ;23-9-2021;;117422.371;560053.627;-0.936;2
L100070         ;23-9-2021;;117421.899;560053.924;-0.856;2
L100071         ;23-9-2021;;117421.477;560054.125;-0.813;2
L100072         ;23-9-2021;;117421.036;560054.305;-0.752;2
L100073         ;23-9-2021;;117420.46;560054.565;-0.663;2
L100074         ;23-9-2021;;117419.791;560054.91;-0.581;2
L100075         ;23-9-2021;;117419.129;560055.182;-0.508;2
L100076         ;23-9-2021;;117418.424;560055.526;-0.456;2
L100077         ;23-9-2021;;117417.695;560055.867;-0.364;2
L100078         ;23-9-2021;;117416.881;560056.27;-0.264;2
L100079         ;23-9-2021;;117415.952;560056.723;-0.171;2
L100080         ;23-9-2021;;117414.935;560057.271;-0.052;2
L100081         ;23-9-2021;;117413.826;560057.896;0.081;2
L100082         ;23-9-2021;;117412.736;560058.503;0.227;2
L100083         ;23-9-2021;;117411.611;560058.996;0.362;2
L100084         ;23-9-2021;;117410.483;560059.503;0.496;2
L100085         ;23-9-2021;;117409.39;560060.073;0.625;2
L100086         ;23-9-2021;;117408.327;560060.663;0.742;2
L100087         ;23-9-2021;;117407.196;560061.169;0.858;2
L100088         ;23-9-2021;;117406.24;560061.708;0.925;2
L100089         ;23-9-2021;;117404.999;560062.055;0.98;2
L100090         ;23-9-2021;;117403.734;560062.4;0.997;2
L100091         ;23-9-2021;;117402.471;560062.787;0.928;2
L100092         ;23-9-2021;;117401.253;560063.15;0.928;2
L100093         ;23-9-2021;;117399.89;560063.53;0.961;2
L100094         ;23-9-2021;;117398.776;560063.784;0.978;2
L100095         ;23-9-2021;;117397.567;560064.134;0.967;2
L100096         ;23-9-2021;;117396.333;560064.441;0.897;2
L100097         ;23-9-2021;;117395.045;560064.634;0.795;2
L100098         ;23-9-2021;;117393.712;560064.908;0.726;2
L100099         ;23-9-2021;;117392.339;560065.118;0.687;2
L100100         ;23-9-2021;;117390.977;560065.281;0.681;2
L100101         ;23-9-2021;;117389.827;560065.606;0.707;2
L100102         ;23-9-2021;;117388.633;560065.95;0.733;2
L100103         ;23-9-2021;;117387.376;560066.434;0.761;2
L100104         ;23-9-2021;;117386.18;560066.907;0.862;2
L100105         ;23-9-2021;;117385.065;560067.39;0.973;2
L100106         ;23-9-2021;;117384.013;560067.872;1.073;2
L100107         ;23-9-2021;;117382.884;560068.428;1.07;2
L100108         ;23-9-2021;;117381.867;560069.052;1.028;2
L100109         ;23-9-2021;;117380.703;560069.658;0.977;2
L100110         ;23-9-2021;;117379.473;560070.321;0.932;2
L100111         ;23-9-2021;;117378.369;560070.937;0.9;2
L100112         ;23-9-2021;;117377.29;560071.462;0.851;2
L100113         ;23-9-2021;;117376.087;560072.037;0.796;2
L100114         ;23-9-2021;;117374.879;560072.51;0.826;2
L100115         ;23-9-2021;;117373.701;560073.062;0.876;2
L100116         ;23-9-2021;;117372.584;560073.522;0.926;2
L100117         ;23-9-2021;;117371.474;560073.892;0.957;2
L100118         ;23-9-2021;;117370.431;560074.274;0.974;2
L100119         ;23-9-2021;;117369.384;560074.6;0.998;2
L20001          ;23-9-2021;;117239.36;559776.774;-1.468;2
L20002          ;23-9-2021;;117239.344;559776.797;-1.453;2
L20003          ;23-9-2021;;117239.14;559777.255;-1.48;2
L20004          ;23-9-2021;;117238.856;559777.733;-1.479;2
L20005          ;23-9-2021;;117238.567;559778.015;-1.475;2
L20006          ;23-9-2021;;117238.306;559778.368;-1.472;2
L20007          ;23-9-2021;;117238.022;559778.82;-1.463;2
L20008          ;23-9-2021;;117237.649;559779.26;-1.459;2
L20009          ;23-9-2021;;117237.225;559779.657;-1.462;2
L20010          ;23-9-2021;;117236.893;559779.98;-1.444;2
L20011          ;23-9-2021;;117236.562;559780.271;-1.45;2
L20012          ;23-9-2021;;117236.283;559780.743;-1.455;2
L20013          ;23-9-2021;;117236.032;559781.233;-1.454;2
L20014          ;23-9-2021;;117235.563;559781.471;-1.446;2
L20015          ;23-9-2021;;117235.186;559781.747;-1.444;2
L20016          ;23-9-2021;;117234.792;559782.141;-1.449;2
L20017          ;23-9-2021;;117234.386;559782.496;-1.432;2
L20018          ;23-9-2021;;117233.987;559782.766;-1.443;2
L20019          ;23-9-2021;;117233.658;559783.092;-1.444;2
L20020          ;23-9-2021;;117233.229;559783.567;-1.428;2
L20021          ;23-9-2021;;117232.795;559783.899;-1.444;2
L20022          ;23-9-2021;;117232.31;559784.202;-1.437;2
L20023          ;23-9-2021;;117231.927;559784.575;-1.421;2
L20024          ;23-9-2021;;117231.62;559784.887;-1.427;2
L20025          ;23-9-2021;;117231.23;559785.196;-1.425;2
L20026          ;23-9-2021;;117230.791;559785.629;-1.426;2
L20027          ;23-9-2021;;117230.238;559786.018;-1.442;2
L20028          ;23-9-2021;;117229.793;559786.254;-1.435;2
L20029          ;23-9-2021;;117229.293;559786.495;-1.439;2
L20030          ;23-9-2021;;117228.897;559786.874;-1.441;2
L20031          ;23-9-2021;;117228.443;559787.29;-1.444;2
L20032          ;23-9-2021;;117227.987;559787.622;-1.457;2
L20033          ;23-9-2021;;117227.497;559787.972;-1.444;2
L20034          ;23-9-2021;;117227.035;559788.432;-1.462;2
L20035          ;23-9-2021;;117226.682;559788.905;-1.483;2
L20036          ;23-9-2021;;117226.263;559789.221;-1.471;2
L20037          ;23-9-2021;;117225.881;559789.466;-1.471;2
L20038          ;23-9-2021;;117225.581;559789.686;-1.477;2
L20039          ;23-9-2021;;117225.244;559790.036;-1.464;2
L20040          ;23-9-2021;;117224.923;559790.454;-1.454;2
L20041          ;23-9-2021;;117224.926;559790.399;-0.531;2
L20042          ;23-9-2021;;117224.949;559790.273;-0.555;2
L20043          ;23-9-2021;;117224.853;559790.214;-0.485;2
L20044          ;23-9-2021;;117224.881;559790.21;-0.462;2
L20045          ;23-9-2021;;117224.97;559790.2;-0.511;2
L20046          ;23-9-2021;;117225.02;559790.155;-0.504;2
L20047          ;23-9-2021;;117225.088;559790.173;-0.499;2
L20048          ;23-9-2021;;117225.153;559790.206;-0.605;2
L20049          ;23-9-2021;;117224.781;559790.371;-1.466;2
L20050          ;23-9-2021;;117224.519;559790.667;-1.456;2
L20051          ;23-9-2021;;117223.981;559791.083;-1.455;2
L20052          ;23-9-2021;;117223.531;559791.552;-1.459;2
L20053          ;23-9-2021;;117223.113;559792.149;-1.451;2
L20054          ;23-9-2021;;117222.759;559792.774;-1.438;2
L20055          ;23-9-2021;;117222.446;559793.293;-1.442;2
L20056          ;23-9-2021;;117221.945;559793.881;-1.469;2
L20057          ;23-9-2021;;117221.433;559794.288;-1.448;2
L20058          ;23-9-2021;;117220.944;559794.895;-1.442;2
L20059          ;23-9-2021;;117220.478;559795.371;-1.433;2
L20060          ;23-9-2021;;117220.012;559795.731;-1.427;2
L20061          ;23-9-2021;;117219.531;559796.271;-1.428;2
L20062          ;23-9-2021;;117218.986;559796.78;-1.421;2
L20063          ;23-9-2021;;117218.422;559797.418;-1.404;2
L20064          ;23-9-2021;;117217.823;559797.928;-1.374;2
L20065          ;23-9-2021;;117217.323;559798.425;-1.374;2
L20066          ;23-9-2021;;117216.792;559798.875;-1.379;2
L20067          ;23-9-2021;;117216.234;559799.329;-1.38;2
L20068          ;23-9-2021;;117215.67;559799.719;-1.367;2
L20069          ;23-9-2021;;117215.239;559800.252;-1.367;2
L20070          ;23-9-2021;;117214.77;559800.83;-1.368;2
L20071          ;23-9-2021;;117214.35;559801.248;-1.392;2
L20072          ;23-9-2021;;117213.879;559801.612;-1.366;2
L20073          ;23-9-2021;;117213.34;559801.982;-1.341;2
L20074          ;23-9-2021;;117212.87;559802.536;-1.355;2
L20075          ;23-9-2021;;117212.475;559803.052;-1.35;2
L20076          ;23-9-2021;;117212.041;559803.549;-1.37;2
L20077          ;23-9-2021;;117211.58;559803.961;-1.365;2
L20078          ;23-9-2021;;117211.195;559804.37;-1.362;2
L20079          ;23-9-2021;;117210.806;559804.812;-1.363;2
L20080          ;23-9-2021;;117210.401;559805.3;-1.35;2
L20081          ;23-9-2021;;117210.024;559805.773;-1.355;2
L20082          ;23-9-2021;;117209.658;559806.201;-1.354;2
L20083          ;23-9-2021;;117209.244;559806.708;-1.356;2
L20084          ;23-9-2021;;117208.838;559807.08;-1.333;2
L20085          ;23-9-2021;;117208.457;559807.488;-1.315;2
L20086          ;23-9-2021;;117208.16;559807.798;-1.308;2
L20087          ;23-9-2021;;117207.846;559808.189;-1.311;2
L20088          ;23-9-2021;;117207.532;559808.662;-1.315;2
L20089          ;23-9-2021;;117207.104;559809.206;-1.282;2
L20090          ;23-9-2021;;117206.673;559809.54;-1.284;2
L20091          ;23-9-2021;;117206.287;559809.813;-1.272;2
L20092          ;23-9-2021;;117205.91;559810.308;-1.259;2
L20093          ;23-9-2021;;117205.522;559810.791;-1.246;2
L20094          ;23-9-2021;;117205.148;559811.351;-1.242;2
L20095          ;23-9-2021;;117204.609;559811.856;-1.22;2
L20096          ;23-9-2021;;117204.184;559812.29;-1.212;2
L20097          ;23-9-2021;;117203.637;559812.974;-1.2;2
L20098          ;23-9-2021;;117203.009;559813.624;-1.195;2
L20099          ;23-9-2021;;117202.423;559814.237;-1.185;2
L20100          ;23-9-2021;;117201.938;559814.862;-1.176;2
L20101          ;23-9-2021;;117201.45;559815.561;-1.155;2
L20102          ;23-9-2021;;117200.962;559816.091;-1.11;2
L20103          ;23-9-2021;;117200.769;559816.369;-1.021;2
L20104          ;23-9-2021;;117200.639;559816.536;-0.959;2
L20105          ;23-9-2021;;117200.287;559816.919;-0.904;2
L20106          ;23-9-2021;;117199.888;559817.413;-0.838;2
L20107          ;23-9-2021;;117199.532;559817.924;-0.782;2
L20108          ;23-9-2021;;117199.219;559818.243;-0.738;2
L20109          ;23-9-2021;;117198.818;559818.688;-0.672;2
L20110          ;23-9-2021;;117198.525;559819.082;-0.621;2
L20111          ;23-9-2021;;117198;559819.543;-0.599;2
L20112          ;23-9-2021;;117197.552;559819.882;-0.504;2
L20113          ;23-9-2021;;117197.06;559820.219;-0.408;2
L20114          ;23-9-2021;;117196.359;559820.796;-0.307;2
L20115          ;23-9-2021;;117195.55;559821.403;-0.187;2
L20116          ;23-9-2021;;117194.737;559822.087;-0.065;2
L20117          ;23-9-2021;;117193.862;559822.81;0.068;2
L20118          ;23-9-2021;;117192.915;559823.71;0.226;2
L20119          ;23-9-2021;;117191.941;559824.546;0.383;2
L20120          ;23-9-2021;;117190.893;559825.31;0.529;2
L20121          ;23-9-2021;;117189.73;559826.017;0.674;2
L20122          ;23-9-2021;;117188.651;559826.804;0.823;2
L20123          ;23-9-2021;;117187.734;559827.612;0.919;2
L20124          ;23-9-2021;;117186.878;559828.468;1.003;2
L20125          ;23-9-2021;;117185.855;559829.244;1.06;2
L20126          ;23-9-2021;;117184.815;559830.005;1.043;2
L20127          ;23-9-2021;;117183.718;559830.697;1.034;2
L20128          ;23-9-2021;;117182.653;559831.55;0.979;2
L20129          ;23-9-2021;;117181.569;559832.545;0.977;2
L20130          ;23-9-2021;;117180.442;559833.469;1.015;2
L20131          ;23-9-2021;;117179.381;559834.361;1.125;2
L20132          ;23-9-2021;;117178.493;559835.156;1.113;2
L20133          ;23-9-2021;;117177.5;559835.966;1.172;2
L20134          ;23-9-2021;;117176.534;559836.88;1.244;2
L20135          ;23-9-2021;;117175.76;559837.727;1.286;2
L20136          ;23-9-2021;;117174.905;559838.594;1.338;2
L20137          ;23-9-2021;;117173.952;559839.486;1.384;2
L20138          ;23-9-2021;;117173.085;559840.392;1.4;2
L20139          ;23-9-2021;;117172.056;559841.275;1.437;2
L20140          ;23-9-2021;;117170.956;559842.09;1.465;2
L20141          ;23-9-2021;;117170.022;559842.997;1.453;2
L20142          ;23-9-2021;;117168.944;559843.961;1.428;2
L20143          ;23-9-2021;;117168.064;559844.867;1.412;2
L20144          ;23-9-2021;;117167.177;559845.8;1.402;2
L20145          ;23-9-2021;;117166.25;559846.794;1.399;2
L20146          ;23-9-2021;;117165.261;559847.806;1.408;2
L20147          ;23-9-2021;;117164.326;559848.732;1.421;2
L20148          ;23-9-2021;;117163.371;559849.641;1.45;2
L20149          ;23-9-2021;;117162.357;559850.534;1.477;2
L20150          ;23-9-2021;;117161.399;559851.492;1.536;2
L20151          ;23-9-2021;;117160.538;559852.394;1.566;2
L20152          ;23-9-2021;;117159.78;559853.189;1.6;2
L20153          ;23-9-2021;;117159.094;559853.989;1.678;2
L20154          ;23-9-2021;;117158.662;559854.683;1.745;2
L20155          ;23-9-2021;;117158.118;559855.286;1.766;2
L300001         ;23-9-2021;;116855.288;559508.374;-1.651;2
L300002         ;23-9-2021;;116855.075;559508.621;-1.624;2
L300003         ;23-9-2021;;116854.893;559509.002;-1.635;2
L300004         ;23-9-2021;;116854.529;559509.445;-1.621;2
L300005         ;23-9-2021;;116854.186;559509.768;-1.622;2
L300006         ;23-9-2021;;116853.943;559510.122;-1.614;2
L300007         ;23-9-2021;;116853.71;559510.576;-1.62;2
L300008         ;23-9-2021;;116853.385;559511.081;-1.611;2
L300009         ;23-9-2021;;116853.086;559511.506;-1.615;2
L300010         ;23-9-2021;;116852.783;559512.026;-1.616;2
L300011         ;23-9-2021;;116852.583;559512.581;-1.609;2
L300012         ;23-9-2021;;116852.348;559513.139;-1.591;2
L300013         ;23-9-2021;;116852.088;559513.557;-1.571;2
L300014         ;23-9-2021;;116851.731;559514.051;-1.544;2
L300015         ;23-9-2021;;116851.429;559514.569;-1.52;2
L300016         ;23-9-2021;;116851.118;559514.937;-1.515;2
L300017         ;23-9-2021;;116850.844;559515.453;-1.517;2
L300018         ;23-9-2021;;116850.541;559516.118;-1.502;2
L300019         ;23-9-2021;;116850.255;559516.705;-1.505;2
L300020         ;23-9-2021;;116849.967;559517.126;-1.494;2
L300021         ;23-9-2021;;116849.65;559517.586;-1.484;2
L300022         ;23-9-2021;;116849.374;559518.074;-1.488;2
L300023         ;23-9-2021;;116849.131;559518.559;-1.472;2
L300024         ;23-9-2021;;116848.913;559518.992;-1.452;2
L300025         ;23-9-2021;;116848.576;559519.526;-1.45;2
L300026         ;23-9-2021;;116848.309;559520.005;-1.443;2
L300027         ;23-9-2021;;116848.048;559520.391;-1.442;2
L300028         ;23-9-2021;;116847.886;559520.776;-1.438;2
L300029         ;23-9-2021;;116847.605;559521.375;-1.42;2
L300030         ;23-9-2021;;116847.279;559521.887;-1.402;2
L300031         ;23-9-2021;;116847.053;559522.261;-1.397;2
L300032         ;23-9-2021;;116846.758;559522.741;-1.375;2
L300033         ;23-9-2021;;116846.582;559523.111;-1.355;2
L300034         ;23-9-2021;;116846.379;559523.421;-1.346;2
L300035         ;23-9-2021;;116846.252;559523.991;-1.326;2
L300036         ;23-9-2021;;116845.989;559524.539;-1.304;2
L300037         ;23-9-2021;;116845.799;559524.897;-1.293;2
L300038         ;23-9-2021;;116845.495;559525.356;-1.275;2
L300039         ;23-9-2021;;116845.245;559525.863;-1.258;2
L300040         ;23-9-2021;;116844.877;559526.303;-1.248;2
L300041         ;23-9-2021;;116844.634;559526.748;-1.224;2
L300042         ;23-9-2021;;116844.292;559527.332;-1.215;2
L300043         ;23-9-2021;;116843.996;559527.832;-1.214;2
L300044         ;23-9-2021;;116843.821;559528.226;-1.212;2
L300045         ;23-9-2021;;116843.547;559528.544;-1.203;2
L300046         ;23-9-2021;;116843.29;559529.05;-1.19;2
L300047         ;23-9-2021;;116843.046;559529.666;-1.178;2
L300048         ;23-9-2021;;116842.857;559529.919;-1.176;2
L300049         ;23-9-2021;;116842.65;559530.1;-1.181;2
L300050         ;23-9-2021;;116842.476;559530.316;-1.175;2
L300051         ;23-9-2021;;116842.264;559530.755;-1.166;2
L300052         ;23-9-2021;;116842.042;559531.129;-1.162;2
L300053         ;23-9-2021;;116841.922;559531.468;-1.15;2
L300054         ;23-9-2021;;116841.777;559531.767;-1.147;2
L300055         ;23-9-2021;;116841.559;559532.118;-1.142;2
L300056         ;23-9-2021;;116841.342;559532.538;-1.13;2
L300057         ;23-9-2021;;116841.141;559532.833;-1.125;2
L300058         ;23-9-2021;;116840.956;559533.185;-1.103;2
L300059         ;23-9-2021;;116840.78;559533.595;-1.117;2
L300060         ;23-9-2021;;116840.534;559534.069;-1.089;2
L300061         ;23-9-2021;;116840.319;559534.52;-1.074;2
L300062         ;23-9-2021;;116840.088;559535.031;-1.065;2
L300063         ;23-9-2021;;116839.868;559535.462;-1.047;2
L300064         ;23-9-2021;;116839.698;559535.84;-1.039;2
L300065         ;23-9-2021;;116839.53;559536.169;-0.982;2
L300066         ;23-9-2021;;116839.343;559536.43;-0.982;2
L300067         ;23-9-2021;;116839.19;559536.88;-0.898;2
L300068         ;23-9-2021;;116839.006;559537.286;-0.907;2
L300069         ;23-9-2021;;116838.637;559537.592;-0.826;2
L300070         ;23-9-2021;;116838.397;559537.963;-0.805;2
L300071         ;23-9-2021;;116838.08;559538.42;-0.772;2
L300072         ;23-9-2021;;116837.791;559538.882;-0.627;2
L300073         ;23-9-2021;;116837.506;559539.428;-0.539;2
L300074         ;23-9-2021;;116837.091;559540.179;-0.433;2
L300075         ;23-9-2021;;116836.797;559540.895;-0.333;2
L300076         ;23-9-2021;;116836.346;559541.714;-0.235;2
L300077         ;23-9-2021;;116835.838;559542.582;-0.138;2
L300078         ;23-9-2021;;116835.176;559543.575;-0.024;2
L300079         ;23-9-2021;;116834.665;559544.515;0.067;2
L300080         ;23-9-2021;;116834.167;559545.392;0.132;2
L300081         ;23-9-2021;;116833.669;559546.204;0.172;2
L300082         ;23-9-2021;;116833.122;559547.11;0.233;2
L300083         ;23-9-2021;;116832.501;559548.064;0.302;2
L300084         ;23-9-2021;;116831.834;559549.011;0.406;2
L300085         ;23-9-2021;;116831.123;559549.97;0.525;2
L300086         ;23-9-2021;;116830.356;559550.901;0.647;2
L300087         ;23-9-2021;;116829.577;559551.864;0.758;2
L300088         ;23-9-2021;;116828.783;559552.873;0.86;2
L300089         ;23-9-2021;;116828.037;559553.983;0.919;2
L300090         ;23-9-2021;;116827.251;559555.116;0.934;2
L300091         ;23-9-2021;;116826.467;559556.147;1.017;2
L300092         ;23-9-2021;;116825.736;559557.163;1.102;2
L300093         ;23-9-2021;;116825.032;559558.103;1.133;2
L300094         ;23-9-2021;;116824.406;559559.018;1.087;2
L300095         ;23-9-2021;;116823.935;559559.734;0.988;2
L300096         ;23-9-2021;;116823.354;559560.528;1.054;2
L300097         ;23-9-2021;;116822.713;559561.461;1.2;2
L300098         ;23-9-2021;;116822.036;559562.42;1.255;2
L300099         ;23-9-2021;;116821.463;559563.307;1.254;2
L300100         ;23-9-2021;;116820.674;559564.18;1.319;2
L300101         ;23-9-2021;;116819.991;559565.188;1.352;2
L300102         ;23-9-2021;;116819.418;559566.123;1.46;2
L300103         ;23-9-2021;;116818.72;559566.984;1.59;2
L300104         ;23-9-2021;;116818.068;559567.913;1.727;2
L300105         ;23-9-2021;;116817.593;559568.689;1.794;2
L300106         ;23-9-2021;;116816.936;559569.488;1.78;2
L300107         ;23-9-2021;;116816.234;559570.36;1.78;2
L300108         ;23-9-2021;;116815.589;559571.331;1.757;2
L300109         ;23-9-2021;;116814.929;559572.263;1.74;2
L300110         ;23-9-2021;;116814.197;559573.226;1.721;2
L300111         ;23-9-2021;;116813.488;559574.099;1.708;2
L300112         ;23-9-2021;;116812.792;559575.046;1.707;2
L300113         ;23-9-2021;;116812.154;559575.949;1.743;2
L300114         ;23-9-2021;;116811.448;559576.835;1.757;2
L300115         ;23-9-2021;;116810.706;559577.653;1.779;2
L300116         ;23-9-2021;;116810.056;559578.578;1.813;2
L300117         ;23-9-2021;;116809.439;559579.54;1.83;2
L300118         ;23-9-2021;;116808.795;559580.607;1.884;2
L300119         ;23-9-2021;;116808.25;559581.575;1.918;2
L300120         ;23-9-2021;;116807.71;559582.648;1.943;2
L300121         ;23-9-2021;;116807.224;559583.682;1.949;2
L300122         ;23-9-2021;;116806.64;559584.76;2.015;2
L300123         ;23-9-2021;;116805.919;559585.742;2.049;2
L300124         ;23-9-2021;;116805.259;559586.728;2.135;2
L300125         ;23-9-2021;;116804.561;559587.673;2.14;2
