Point ID;GNSS Position Solution.Start Time;;Easting;Northing;Elevation;GNSS Position Solution.Antenna Height
L100001;15-10-2021 10:52;;117384.396;560069.622;1.065;2
L100002;15-10-2021 10:52;;117384.736;560069.419;1.04;2
L100003;15-10-2021 10:52;;117385.761;560068.995;1.001;2
L100004;15-10-2021 10:52;;117386.909;560068.534;0.951;2
L100005;15-10-2021 10:52;;117388.059;560068.008;0.778;2
L100006;15-10-2021 10:52;;117389.424;560067.383;0.746;2
L100007;15-10-2021 10:52;;117390.667;560066.913;0.719;2
L100008;15-10-2021 10:52;;117391.901;560066.335;0.699;2
L100009;15-10-2021 10:52;;117393.132;560065.717;0.742;2
L100010;15-10-2021 10:52;;117394.425;560065.212;0.776;2
L100011;15-10-2021 10:52;;117395.497;560064.717;0.981;2
L100012;15-10-2021 10:52;;117396.489;560064.273;1.03;2
L100013;15-10-2021 10:52;;117397.555;560063.847;1.055;2
L100014;15-10-2021 10:52;;117398.794;560063.394;1.011;2
L100015;15-10-2021 10:52;;117400.116;560062.883;1.007;2
L100016;15-10-2021 10:52;;117401.342;560062.425;0.964;2
L100017;15-10-2021 10:52;;117402.63;560061.924;0.853;2
L100018;15-10-2021 10:52;;117403.964;560061.402;0.688;2
L100019;15-10-2021 10:52;;117405.261;560060.783;0.481;2
L100020;15-10-2021 10:52;;117406.739;560060.312;0.551;2
L100021;15-10-2021 10:52;;117407.939;560059.829;0.514;2
L100022;15-10-2021 10:52;;117409.243;560059.219;0.428;2
L100023;15-10-2021 10:52;;117410.543;560058.692;0.338;2
L100024;15-10-2021 10:52;;117411.883;560058.237;0.259;2
L100025;15-10-2021 10:52;;117413.213;560057.683;0.224;2
L100026;15-10-2021 10:52;;117414.516;560057.269;0.136;2
L100027;15-10-2021 10:52;;117415.895;560056.751;0.063;2
L100028;15-10-2021 10:52;;117417.135;560056.385;-0.003;2
L100029;15-10-2021 10:52;;117418.43;560056.043;-0.116;2
L100030;15-10-2021 10:52;;117419.631;560055.522;-0.297;2
L100031;15-10-2021 10:52;;117420.757;560054.96;-0.37;2
L100032;15-10-2021 10:52;;117421.761;560054.578;-0.485;2
L100033;15-10-2021 10:52;;117422.681;560054.089;-0.716;2
L100034;15-10-2021 10:52;;117423.649;560053.759;-0.792;2
L100035;15-10-2021 10:52;;117424.262;560053.575;-0.872;2
L100036;15-10-2021 10:52;;117425.084;560053.32;-0.936;2
L100037;15-10-2021 10:52;;117425.788;560053.057;-1.034;2
L100038;15-10-2021 10:52;;117426.589;560052.759;-1.097;2
L100039;15-10-2021 10:52;;117427.355;560052.594;-1.228;2
L100040;15-10-2021 10:52;;117427.995;560052.395;-1.276;2
L100041;15-10-2021 10:52;;117428.593;560052.139;-1.283;2
L100042;15-10-2021 10:52;;117429.201;560051.969;-1.31;2
L100043;15-10-2021 10:52;;117429.778;560051.763;-1.335;2
L100044;15-10-2021 10:52;;117430.303;560051.604;-1.348;2
L100045;15-10-2021 10:53;;117430.785;560051.508;-1.379;2
L100046;15-10-2021 10:53;;117431.303;560051.419;-1.401;2
L100047;15-10-2021 10:53;;117431.816;560051.245;-1.408;2
L100048;15-10-2021 10:53;;117432.174;560051.141;-1.439;2
L100049;15-10-2021 10:53;;117432.676;560050.903;-1.452;2
L100050;15-10-2021 10:53;;117433.189;560050.756;-1.453;2
L100051;15-10-2021 10:53;;117433.601;560050.61;-1.466;2
L100052;15-10-2021 10:53;;117434.071;560050.452;-1.464;2
L100053;15-10-2021 10:53;;117434.52;560050.299;-1.464;2
L100054;15-10-2021 10:53;;117434.847;560050.226;-1.472;2
L100055;15-10-2021 10:53;;117435.151;560050.167;-1.471;2
L100056;15-10-2021 10:53;;117435.503;560049.997;-1.466;2
L100057;15-10-2021 10:53;;117435.939;560049.823;-1.461;2
L100058;15-10-2021 10:53;;117436.333;560049.747;-1.461;2
L100059;15-10-2021 10:53;;117436.735;560049.538;-1.454;2
L100060;15-10-2021 10:53;;117437.114;560049.332;-1.456;2
L100061;15-10-2021 10:53;;117437.422;560049.223;-1.464;2
L100062;15-10-2021 10:53;;117437.879;560048.967;-1.46;2
L100063;15-10-2021 10:53;;117438.313;560048.761;-1.453;2
L100064;15-10-2021 10:53;;117438.696;560048.65;-1.453;2
L100065;15-10-2021 10:53;;117439.148;560048.469;-1.448;2
L100066;15-10-2021 10:53;;117439.515;560048.366;-1.442;2
L100067;15-10-2021 10:53;;117439.932;560048.221;-1.442;2
L100068;15-10-2021 10:53;;117440.349;560047.985;-1.432;2
L100069;15-10-2021 10:53;;117440.824;560047.759;-1.438;2
L100070;15-10-2021 10:53;;117441.268;560047.635;-1.441;2
L100071;15-10-2021 10:53;;117441.724;560047.411;-1.442;2
L100072;15-10-2021 10:53;;117442.138;560047.159;-1.441;2
L100073;15-10-2021 10:53;;117442.569;560047.069;-1.417;2
L100074;15-10-2021 10:53;;117442.988;560046.84;-1.416;2
L100075;15-10-2021 10:53;;117443.432;560046.631;-1.423;2
L100076;15-10-2021 10:53;;117443.894;560046.437;-1.433;2
L100077;15-10-2021 10:53;;117444.326;560046.172;-1.438;2
L100078;15-10-2021 10:53;;117444.866;560046.021;-1.449;2
L100079;15-10-2021 10:53;;117445.184;560045.837;-1.457;2
L100080;15-10-2021 10:53;;117445.538;560045.654;-1.435;2
L100081;15-10-2021 10:53;;117445.802;560045.525;-1.441;2
L200001;15-10-2021 10:34;;117172.83;559845.058;1.51;2
L200002;15-10-2021 10:34;;117172.849;559845.036;1.513;2
L200003;15-10-2021 10:34;;117173.028;559844.834;1.538;2
L200004;15-10-2021 10:34;;117173.589;559844.09;1.514;2
L200005;15-10-2021 10:34;;117174.433;559843.285;1.507;2
L200006;15-10-2021 10:34;;117175.235;559842.437;1.46;2
L200007;15-10-2021 10:34;;117176.187;559841.619;1.383;2
L200008;15-10-2021 10:34;;117177.089;559840.666;1.357;2
L200009;15-10-2021 10:34;;117178.021;559839.779;1.318;2
L200010;15-10-2021 10:34;;117178.935;559838.848;1.28;2
L200011;15-10-2021 10:34;;117179.806;559837.986;1.186;2
L200012;15-10-2021 10:34;;117180.801;559837.188;1.143;2
L200013;15-10-2021 10:34;;117181.624;559836.307;1.079;2
L200014;15-10-2021 10:34;;117182.457;559835.597;1.085;2
L200015;15-10-2021 10:34;;117183.283;559834.789;1.109;2
L200016;15-10-2021 10:34;;117183.97;559833.99;1.083;2
L200017;15-10-2021 10:34;;117184.918;559833.187;1.005;2
L200018;15-10-2021 10:34;;117185.782;559832.285;0.905;2
L200019;15-10-2021 10:34;;117186.767;559831.407;0.791;2
L200020;15-10-2021 10:34;;117187.667;559830.403;0.714;2
L200021;15-10-2021 10:34;;117188.664;559829.486;0.64;2
L200022;15-10-2021 10:34;;117189.638;559828.541;0.584;2
L200023;15-10-2021 10:34;;117190.574;559827.682;0.538;2
L200024;15-10-2021 10:34;;117191.486;559826.746;0.464;2
L200025;15-10-2021 10:35;;117192.528;559825.91;0.37;2
L200026;15-10-2021 10:35;;117193.525;559824.932;0.271;2
L200027;15-10-2021 10:35;;117194.475;559823.947;0.166;2
L200028;15-10-2021 10:35;;117195.476;559822.966;0.064;2
L200029;15-10-2021 10:35;;117196.472;559821.932;-0.036;2
L200030;15-10-2021 10:35;;117197.425;559820.97;-0.141;2
L200031;15-10-2021 10:35;;117198.332;559820.186;-0.256;2
L200032;15-10-2021 10:35;;117198.876;559819.546;-0.369;2
L200033;15-10-2021 10:35;;117199.601;559819.063;-0.447;2
L200034;15-10-2021 10:35;;117200.014;559818.378;-0.575;2
L200035;15-10-2021 10:35;;117200.569;559817.796;-0.735;2
L200036;15-10-2021 10:35;;117201.046;559817.388;-0.812;2
L200037;15-10-2021 10:35;;117201.544;559816.864;-0.892;2
L200038;15-10-2021 10:35;;117202.034;559816.216;-0.93;2
L200039;15-10-2021 10:35;;117202.646;559815.644;-1.014;2
L200040;15-10-2021 10:35;;117203.047;559815.107;-1.14;2
L200041;15-10-2021 10:35;;117203.613;559814.7;-1.218;2
L200042;15-10-2021 10:35;;117204.022;559814.135;-1.224;2
L200043;15-10-2021 10:35;;117204.509;559813.706;-1.211;2
L200044;15-10-2021 10:35;;117204.949;559813.322;-1.228;2
L200045;15-10-2021 10:35;;117205.41;559812.889;-1.239;2
L200046;15-10-2021 10:35;;117205.802;559812.445;-1.238;2
L200047;15-10-2021 10:35;;117206.21;559812.067;-1.24;2
L200048;15-10-2021 10:35;;117206.679;559811.647;-1.259;2
L200049;15-10-2021 10:35;;117207.119;559811.174;-1.271;2
L200050;15-10-2021 10:35;;117207.632;559810.704;-1.251;2
L200051;15-10-2021 10:35;;117208.09;559810.453;-1.275;2
L200052;15-10-2021 10:35;;117208.444;559810.019;-1.283;2
L200053;15-10-2021 10:35;;117208.894;559809.559;-1.3;2
L200054;15-10-2021 10:35;;117209.313;559809.109;-1.326;2
L200055;15-10-2021 10:35;;117209.767;559808.753;-1.328;2
L200056;15-10-2021 10:35;;117210.199;559808.383;-1.319;2
L200057;15-10-2021 10:35;;117210.635;559808.086;-1.349;2
L200058;15-10-2021 10:35;;117211.046;559807.609;-1.332;2
L200059;15-10-2021 10:35;;117211.371;559807.128;-1.326;2
L200060;15-10-2021 10:35;;117211.753;559806.691;-1.344;2
L200061;15-10-2021 10:35;;117212.206;559806.221;-1.352;2
L200062;15-10-2021 10:35;;117212.623;559805.853;-1.344;2
L200063;15-10-2021 10:35;;117213.02;559805.544;-1.343;2
L200064;15-10-2021 10:35;;117213.418;559805.169;-1.339;2
L200065;15-10-2021 10:35;;117213.829;559804.754;-1.341;2
L200066;15-10-2021 10:35;;117214.221;559804.278;-1.33;2
L200067;15-10-2021 10:35;;117214.778;559803.826;-1.321;2
L200068;15-10-2021 10:35;;117215.123;559803.433;-1.307;2
L200069;15-10-2021 10:35;;117215.502;559803.089;-1.303;2
L200070;15-10-2021 10:35;;117215.823;559802.686;-1.33;2
L200071;15-10-2021 10:35;;117216.32;559802.332;-1.357;2
L200072;15-10-2021 10:35;;117216.8;559801.968;-1.356;2
L200073;15-10-2021 10:35;;117217.227;559801.519;-1.351;2
L200074;15-10-2021 10:35;;117217.642;559801.101;-1.341;2
L200075;15-10-2021 10:35;;117217.937;559800.776;-1.359;2
L200076;15-10-2021 10:35;;117218.303;559800.463;-1.367;2
L200077;15-10-2021 10:35;;117218.665;559800.164;-1.39;2
L200078;15-10-2021 10:35;;117219.108;559799.75;-1.39;2
L200079;15-10-2021 10:35;;117219.473;559799.327;-1.375;2
L200080;15-10-2021 10:35;;117219.808;559799.041;-1.371;2
L200081;15-10-2021 10:35;;117220.138;559798.674;-1.382;2
L200082;15-10-2021 10:35;;117220.497;559798.307;-1.408;2
L200083;15-10-2021 10:35;;117220.983;559797.992;-1.397;2
L200084;15-10-2021 10:35;;117221.409;559797.66;-1.406;2
L200085;15-10-2021 10:36;;117221.744;559797.307;-1.405;2
L200086;15-10-2021 10:36;;117222.092;559796.942;-1.406;2
L200087;15-10-2021 10:36;;117222.365;559796.647;-1.427;2
L200088;15-10-2021 10:36;;117222.627;559796.262;-1.431;2
L200089;15-10-2021 10:36;;117222.981;559795.91;-1.434;2
L200090;15-10-2021 10:36;;117223.345;559795.612;-1.438;2
L200091;15-10-2021 10:36;;117223.649;559795.292;-1.444;2
L200092;15-10-2021 10:36;;117224.02;559794.961;-1.443;2
L200093;15-10-2021 10:36;;117224.309;559794.643;-1.445;2
L200094;15-10-2021 10:36;;117224.547;559794.336;-1.443;2
L200095;15-10-2021 10:36;;117224.923;559793.985;-1.447;2
L200096;15-10-2021 10:36;;117225.242;559793.639;-1.449;2
L200097;15-10-2021 10:36;;117225.598;559793.317;-1.452;2
L200098;15-10-2021 10:36;;117225.78;559793.058;-1.446;2
L200099;15-10-2021 10:36;;117226.083;559792.658;-1.452;2
L200100;15-10-2021 10:36;;117226.466;559792.235;-1.448;2
L200101;15-10-2021 10:36;;117226.772;559791.914;-1.462;2
L200102;15-10-2021 10:36;;117227.048;559791.663;-1.467;2
L200103;15-10-2021 10:36;;117227.359;559791.348;-1.471;2
L200104;15-10-2021 10:36;;117227.749;559791.012;-1.48;2
L200105;15-10-2021 10:36;;117228.11;559790.634;-1.463;2
L200106;15-10-2021 10:36;;117228.411;559790.258;-1.476;2
L200107;15-10-2021 10:36;;117228.762;559789.995;-1.453;2
L200108;15-10-2021 10:36;;117229.083;559789.758;-1.46;2
L200109;15-10-2021 10:36;;117229.36;559789.412;-1.463;2
L200110;15-10-2021 10:36;;117229.7;559789.021;-1.448;2
L200111;15-10-2021 10:36;;117230.043;559788.619;-1.471;2
L200112;15-10-2021 10:36;;117230.402;559788.276;-1.435;2
L200113;15-10-2021 10:36;;117230.764;559787.972;-1.437;2
L200114;15-10-2021 10:36;;117231.022;559787.769;-1.455;2
L200115;15-10-2021 10:36;;117231.294;559787.397;-1.448;2
L200116;15-10-2021 10:36;;117231.686;559786.964;-1.455;2
L200117;15-10-2021 10:36;;117232.021;559786.529;-1.453;2
L200118;15-10-2021 10:36;;117232.256;559786.161;-1.41;2
L200119;15-10-2021 10:36;;117232.505;559785.943;-1.428;2
L200120;15-10-2021 10:36;;117232.79;559785.607;-1.434;2
L200121;15-10-2021 10:36;;117233.193;559785.198;-1.441;2
L200122;15-10-2021 10:36;;117233.514;559784.853;-1.443;2
L200123;15-10-2021 10:36;;117233.757;559784.628;-1.421;2
L200124;15-10-2021 10:36;;117234.042;559784.276;-1.435;2
L200125;15-10-2021 10:36;;117234.38;559783.928;-1.444;2
L200126;15-10-2021 10:36;;117234.719;559783.534;-1.444;2
L200127;15-10-2021 10:36;;117234.964;559783.234;-1.45;2
L200128;15-10-2021 10:36;;117235.226;559782.993;-1.438;2
L200129;15-10-2021 10:36;;117235.462;559782.635;-1.439;2
L200130;15-10-2021 10:36;;117235.752;559782.278;-1.44;2
L200131;15-10-2021 10:36;;117236.049;559781.925;-1.468;2
L200132;15-10-2021 10:36;;117236.307;559781.535;-1.456;2
L200133;15-10-2021 10:36;;117236.567;559781.194;-1.437;2
L200134;15-10-2021 10:36;;117236.668;559781.154;-1.437;2
L200135;15-10-2021 10:36;;117236.629;559781.143;-1.442;2
L200136;15-10-2021 10:36;;117236.609;559781.163;-1.436;2
L300001;15-10-2021 10:15;;116815.258;559572.476;1.746;2
L300002;15-10-2021 10:15;;116815.292;559572.463;1.754;2
L300003;15-10-2021 10:15;;116815.426;559572.269;1.754;2
L300004;15-10-2021 10:15;;116815.891;559571.49;1.788;2
L300005;15-10-2021 10:15;;116816.524;559570.656;1.794;2
L300006;15-10-2021 10:15;;116817.173;559569.777;1.775;2
L300007;15-10-2021 10:15;;116817.748;559568.879;1.751;2
L300008;15-10-2021 10:15;;116818.364;559567.901;1.655;2
L300009;15-10-2021 10:15;;116818.977;559566.861;1.53;2
L300010;15-10-2021 10:15;;116819.702;559565.951;1.423;2
L300011;15-10-2021 10:15;;116820.371;559564.992;1.335;2
L300012;15-10-2021 10:15;;116821.183;559564.009;1.273;2
L300013;15-10-2021 10:16;;116822.004;559563.014;1.225;2
L300014;15-10-2021 10:16;;116822.804;559561.885;1.192;2
L300015;15-10-2021 10:16;;116823.619;559560.781;1.166;2
L300016;15-10-2021 10:16;;116824.188;559559.83;1.14;2
L300017;15-10-2021 10:16;;116824.917;559558.904;1.096;2
L300018;15-10-2021 10:16;;116825.658;559557.936;1.054;2
L300019;15-10-2021 10:16;;116826.242;559556.944;0.976;2
L300020;15-10-2021 10:16;;116826.921;559555.925;0.864;2
L300021;15-10-2021 10:16;;116827.62;559554.863;0.728;2
L300022;15-10-2021 10:16;;116828.354;559553.838;0.541;2
L300023;15-10-2021 10:16;;116828.977;559553.004;0.483;2
L300024;15-10-2021 10:16;;116829.616;559551.996;0.538;2
L300025;15-10-2021 10:16;;116830.218;559550.99;0.496;2
L300026;15-10-2021 10:16;;116830.88;559549.972;0.459;2
L300027;15-10-2021 10:16;;116831.662;559548.963;0.392;2
L300028;15-10-2021 10:16;;116832.402;559547.875;0.307;2
L300029;15-10-2021 10:16;;116833.033;559546.84;0.227;2
L300030;15-10-2021 10:16;;116833.72;559545.798;0.161;2
L300031;15-10-2021 10:16;;116834.421;559544.771;0.089;2
L300032;15-10-2021 10:16;;116835.23;559543.777;0.003;2
L300033;15-10-2021 10:16;;116835.894;559542.778;-0.08;2
L300034;15-10-2021 10:16;;116836.418;559541.883;-0.178;2
L300035;15-10-2021 10:16;;116836.912;559541.111;-0.324;2
L300036;15-10-2021 10:16;;116837.441;559540.44;-0.376;2
L300037;15-10-2021 10:16;;116837.811;559539.905;-0.475;2
L300038;15-10-2021 10:16;;116838.3;559539.282;-0.572;2
L300039;15-10-2021 10:16;;116838.629;559538.496;-0.715;2
L300040;15-10-2021 10:16;;116838.984;559538.156;-0.766;2
L300041;15-10-2021 10:16;;116839.306;559537.702;-0.836;2
L300042;15-10-2021 10:16;;116839.625;559537.209;-0.909;2
L300043;15-10-2021 10:16;;116839.959;559536.564;-0.949;2
L300044;15-10-2021 10:16;;116840.281;559535.85;-0.97;2
L300045;15-10-2021 10:16;;116840.613;559535.409;-1.031;2
L300046;15-10-2021 10:16;;116840.851;559534.887;-1.067;2
L300047;15-10-2021 10:16;;116841.116;559534.428;-1.108;2
L300048;15-10-2021 10:16;;116841.336;559533.81;-1.107;2
L300049;15-10-2021 10:16;;116841.649;559533.224;-1.109;2
L300050;15-10-2021 10:16;;116841.958;559532.695;-1.113;2
L300051;15-10-2021 10:16;;116842.266;559532.185;-1.105;2
L300052;15-10-2021 10:16;;116842.575;559531.55;-1.132;2
L300053;15-10-2021 10:16;;116842.861;559530.997;-1.127;2
L300054;15-10-2021 10:16;;116843.243;559530.444;-1.143;2
L300055;15-10-2021 10:16;;116843.525;559529.907;-1.133;2
L300056;15-10-2021 10:16;;116843.852;559529.456;-1.128;2
L300057;15-10-2021 10:16;;116844.104;559528.883;-1.141;2
L300058;15-10-2021 10:16;;116844.465;559528.507;-1.147;2
L300059;15-10-2021 10:16;;116844.571;559528.105;-1.169;2
L300060;15-10-2021 10:16;;116844.785;559527.709;-1.157;2
L300061;15-10-2021 10:16;;116844.726;559527.704;-1.19;2
L300062;15-10-2021 10:16;;116844.829;559527.624;-1.17;2
L300063;15-10-2021 10:16;;116844.969;559527.541;-1.163;2
L300064;15-10-2021 10:16;;116845.207;559527.154;-1.171;2
L300065;15-10-2021 10:16;;116845.566;559526.664;-1.202;2
L300066;15-10-2021 10:16;;116845.811;559526.201;-1.227;2
L300067;15-10-2021 10:16;;116846.085;559525.77;-1.255;2
L300068;15-10-2021 10:16;;116846.321;559525.291;-1.273;2
L300069;15-10-2021 10:16;;116846.666;559524.909;-1.295;2
L300070;15-10-2021 10:16;;116847.005;559524.478;-1.332;2
L300071;15-10-2021 10:16;;116847.343;559524.129;-1.357;2
L300072;15-10-2021 10:16;;116847.577;559523.76;-1.374;2
L300073;15-10-2021 10:17;;116847.83;559523.196;-1.384;2
L300074;15-10-2021 10:17;;116848.103;559522.939;-1.403;2
L300075;15-10-2021 10:17;;116848.288;559522.527;-1.413;2
L300076;15-10-2021 10:17;;116848.551;559522.167;-1.423;2
L300077;15-10-2021 10:17;;116848.807;559521.722;-1.438;2
L300078;15-10-2021 10:17;;116849.09;559521.325;-1.448;2
L300079;15-10-2021 10:17;;116849.31;559521.154;-1.451;2
L300080;15-10-2021 10:17;;116849.478;559520.916;-1.476;2
L300081;15-10-2021 10:17;;116849.733;559520.595;-1.481;2
L300082;15-10-2021 10:17;;116849.942;559520.266;-1.456;2
L300083;15-10-2021 10:17;;116849.972;559520.083;-1.453;2
L300084;15-10-2021 10:17;;116850.174;559519.848;-1.444;2
L300085;15-10-2021 10:17;;116850.292;559519.797;-1.451;2
L300086;15-10-2021 10:17;;116850.325;559519.804;-1.444;2
L300087;15-10-2021 10:17;;116850.314;559519.852;-1.438;2
L400001;15-10-2021 09:31;;116084.195;558979.175;2.276;2
L400002;15-10-2021 09:31;;116084.307;558978.87;2.322;2
L400003;15-10-2021 09:32;;116084.592;558978.259;2.314;2
L400004;15-10-2021 09:32;;116085.059;558977.514;2.298;2
L400005;15-10-2021 09:32;;116085.588;558976.732;2.286;2
L400006;15-10-2021 09:32;;116086.193;558975.956;2.203;2
L400007;15-10-2021 09:32;;116086.805;558975.272;1.923;2
L400008;15-10-2021 09:32;;116087.248;558974.621;1.671;2
L400009;15-10-2021 09:32;;116087.826;558973.85;1.498;2
L400010;15-10-2021 09:32;;116088.608;558972.832;1.41;2
L400011;15-10-2021 09:32;;116089.452;558971.77;1.3;2
L400012;15-10-2021 09:32;;116090.211;558970.672;1.126;2
L400013;15-10-2021 09:32;;116091.087;558969.559;1.038;2
L400014;15-10-2021 09:32;;116091.873;558968.555;0.943;2
L400015;15-10-2021 09:32;;116092.677;558967.377;0.823;2
L400016;15-10-2021 09:32;;116093.441;558966.222;0.676;2
L400017;15-10-2021 09:32;;116094.298;558965.027;0.532;2
L400018;15-10-2021 09:32;;116095.106;558963.875;0.481;2
L400019;15-10-2021 09:32;;116095.908;558962.735;0.423;2
L400020;15-10-2021 09:32;;116096.588;558961.572;0.373;2
L400021;15-10-2021 09:32;;116097.289;558960.458;0.335;2
L400022;15-10-2021 09:32;;116098.043;558959.409;0.35;2
L400023;15-10-2021 09:32;;116098.659;558958.311;0.316;2
L400024;15-10-2021 09:32;;116099.353;558957.253;0.25;2
L400025;15-10-2021 09:32;;116100.055;558956.238;0.194;2
L400026;15-10-2021 09:32;;116100.781;558955.178;0.117;2
L400027;15-10-2021 09:32;;116101.446;558954.191;0.033;2
L400028;15-10-2021 09:32;;116102.108;558953.212;-0.098;2
L400029;15-10-2021 09:32;;116102.685;558952.179;-0.217;2
L400030;15-10-2021 09:32;;116103.126;558951.361;-0.271;2
L400031;15-10-2021 09:32;;116103.719;558950.698;-0.422;2
L400032;15-10-2021 09:32;;116104.172;558949.891;-0.529;2
L400033;15-10-2021 09:32;;116104.722;558949.078;-0.725;2
L400034;15-10-2021 09:32;;116104.971;558948.77;-0.781;2
L400035;15-10-2021 09:32;;116105.292;558948.27;-0.825;2
L400036;15-10-2021 09:32;;116105.632;558947.675;-0.844;2
L400037;15-10-2021 09:32;;116105.905;558947.129;-0.865;2
L400038;15-10-2021 09:32;;116106.204;558946.746;-0.896;2
L400039;15-10-2021 09:32;;116106.421;558946.262;-0.901;2
L400040;15-10-2021 09:32;;116106.709;558945.747;-0.943;2
L400041;15-10-2021 09:32;;116107.089;558945.18;-0.941;2
L400042;15-10-2021 09:32;;116107.512;558944.807;-0.975;2
L400043;15-10-2021 09:32;;116107.858;558944.314;-0.959;2
L400044;15-10-2021 09:32;;116108.191;558943.813;-0.975;2
L400045;15-10-2021 09:32;;116108.516;558943.286;-0.982;2
L400046;15-10-2021 09:32;;116108.898;558942.783;-0.981;2
L400047;15-10-2021 09:32;;116109.275;558942.316;-1.002;2
L400048;15-10-2021 09:32;;116109.574;558941.822;-1.005;2
L400049;15-10-2021 09:32;;116109.953;558941.338;-1.031;2
L400050;15-10-2021 09:32;;116110.341;558940.748;-1.018;2
L400051;15-10-2021 09:32;;116110.749;558940.16;-1.012;2
L400052;15-10-2021 09:32;;116111.129;558939.687;-1.014;2
L400053;15-10-2021 09:32;;116111.448;558939.172;-1.023;2
L400054;15-10-2021 09:32;;116111.823;558938.746;-1.028;2
L400055;15-10-2021 09:32;;116112.169;558938.274;-1.039;2
L400056;15-10-2021 09:32;;116112.43;558937.746;-1.055;2
L400057;15-10-2021 09:32;;116112.794;558937.207;-1.056;2
L400058;15-10-2021 09:32;;116113.281;558936.694;-1.058;2
L400059;15-10-2021 09:32;;116113.57;558936.194;-1.062;2
L400060;15-10-2021 09:32;;116113.78;558935.739;-1.092;2
L400061;15-10-2021 09:32;;116114.063;558935.433;-1.117;2
L400062;15-10-2021 09:32;;116114.368;558934.919;-1.11;2
L400063;15-10-2021 09:33;;116114.621;558934.384;-1.111;2
L400064;15-10-2021 09:33;;116115.093;558933.812;-1.092;2
L400065;15-10-2021 09:33;;116115.419;558933.321;-1.115;2
L400066;15-10-2021 09:33;;116115.75;558932.821;-1.112;2
L400067;15-10-2021 09:33;;116116.143;558932.285;-1.132;2
L400068;15-10-2021 09:33;;116116.479;558931.793;-1.139;2
L400069;15-10-2021 09:33;;116116.847;558931.408;-1.13;2
L400070;15-10-2021 09:33;;116117.167;558930.869;-1.142;2
L400071;15-10-2021 09:33;;116117.569;558930.401;-1.165;2
L400072;15-10-2021 09:33;;116117.912;558929.848;-1.161;2
L400073;15-10-2021 09:33;;116118.303;558929.337;-1.164;2
L400074;15-10-2021 09:33;;116118.441;558929.063;-1.184;2
L400075;15-10-2021 09:33;;116118.734;558928.607;-1.205;2
L400076;15-10-2021 09:33;;116119.056;558928.069;-1.218;2
L400077;15-10-2021 09:33;;116119.449;558927.552;-1.21;2
L400078;15-10-2021 09:33;;116119.843;558927.161;-1.239;2
L400079;15-10-2021 09:33;;116120.084;558926.743;-1.221;2
L400080;15-10-2021 09:33;;116120.411;558926.258;-1.23;2
L400081;15-10-2021 09:33;;116120.685;558925.814;-1.243;2
L400082;15-10-2021 09:33;;116121.054;558925.501;-1.247;2
L400083;15-10-2021 09:33;;116121.332;558925.092;-1.254;2
L400084;15-10-2021 09:33;;116121.598;558924.754;-1.254;2
L400085;15-10-2021 09:33;;116121.846;558924.328;-1.254;2
L400086;15-10-2021 09:33;;116122.072;558924.014;-1.252;2
L400087;15-10-2021 09:33;;116122.336;558923.64;-1.263;2
L400088;15-10-2021 09:33;;116122.642;558923.234;-1.301;2
L400089;15-10-2021 09:33;;116122.935;558922.833;-1.302;2
L400090;15-10-2021 09:33;;116123.148;558922.553;-1.302;2
L400091;15-10-2021 09:33;;116123.431;558922.201;-1.3;2
L400092;15-10-2021 09:33;;116123.718;558921.793;-1.305;2
L400093;15-10-2021 09:33;;116123.981;558921.471;-1.326;2
L400094;15-10-2021 09:33;;116124.243;558921.062;-1.318;2
L400095;15-10-2021 09:33;;116124.491;558920.743;-1.334;2
L400096;15-10-2021 09:33;;116124.712;558920.394;-1.347;2
L400097;15-10-2021 09:33;;116124.979;558920.063;-1.354;2
L400098;15-10-2021 09:33;;116125.211;558919.598;-1.348;2
L400099;15-10-2021 09:33;;116125.398;558919.282;-1.348;2
L400100;15-10-2021 09:33;;116125.589;558918.978;-1.37;2
L400101;15-10-2021 09:33;;116125.885;558918.607;-1.372;2
L400102;15-10-2021 09:33;;116126.077;558918.345;-1.382;2
L400103;15-10-2021 09:33;;116126.252;558917.974;-1.385;2
L400104;15-10-2021 09:33;;116126.495;558917.583;-1.402;2
L400105;15-10-2021 09:33;;116126.582;558917.384;-1.413;2
L400106;15-10-2021 09:33;;116126.653;558917.203;-1.419;2
L400107;15-10-2021 09:33;;116126.657;558917.119;-1.423;2
L400108;15-10-2021 09:33;;116126.571;558917.055;-1.431;2
L500001;15-10-2021 09:08;;115634.343;558640.179;1.722;2
L500002;15-10-2021 09:08;;115634.317;558640.079;1.724;2
L500003;15-10-2021 09:08;;115634.697;558639.729;1.695;2
L500004;15-10-2021 09:08;;115635.538;558638.914;1.69;2
L500005;15-10-2021 09:08;;115636.331;558638.182;1.667;2
L500006;15-10-2021 09:08;;115637.13;558637.351;1.602;2
L500007;15-10-2021 09:08;;115637.94;558636.557;1.528;2
L500008;15-10-2021 09:08;;115638.813;558635.678;1.42;2
L500009;15-10-2021 09:08;;115639.671;558634.819;1.366;2
L500010;15-10-2021 09:08;;115640.524;558633.95;1.3;2
L500011;15-10-2021 09:08;;115641.389;558633.176;1.254;2
L500012;15-10-2021 09:08;;115642.304;558632.221;1.227;2
L500013;15-10-2021 09:08;;115643.253;558631.333;1.139;2
L500014;15-10-2021 09:08;;115644.218;558630.4;1.062;2
L500015;15-10-2021 09:08;;115645.123;558629.534;1.128;2
L500016;15-10-2021 09:08;;115645.938;558628.768;1.125;2
L500017;15-10-2021 09:08;;115646.777;558627.952;1.096;2
L500018;15-10-2021 09:08;;115647.664;558627.085;1.048;2
L500019;15-10-2021 09:08;;115648.622;558626.278;0.979;2
L500020;15-10-2021 09:08;;115649.618;558625.356;0.859;2
L500021;15-10-2021 09:08;;115650.606;558624.462;0.73;2
L500022;15-10-2021 09:08;;115651.623;558623.541;0.591;2
L500023;15-10-2021 09:08;;115652.635;558622.522;0.501;2
L500024;15-10-2021 09:08;;115653.501;558621.706;0.476;2
L500025;15-10-2021 09:08;;115654.379;558620.866;0.431;2
L500026;15-10-2021 09:08;;115655.342;558619.972;0.361;2
L500027;15-10-2021 09:08;;115656.28;558619.101;0.264;2
L500028;15-10-2021 09:08;;115657.172;558618.239;0.186;2
L500029;15-10-2021 09:08;;115657.988;558617.381;0.121;2
L500030;15-10-2021 09:08;;115658.788;558616.675;0.099;2
L500031;15-10-2021 09:08;;115659.566;558615.974;0.023;2
L500032;15-10-2021 09:09;;115660.305;558615.307;-0.08;2
L500033;15-10-2021 09:09;;115660.904;558614.605;-0.154;2
L500034;15-10-2021 09:09;;115661.661;558613.935;-0.239;2
L500035;15-10-2021 09:09;;115662.347;558613.261;-0.325;2
L500036;15-10-2021 09:09;;115662.992;558612.744;-0.479;2
L500037;15-10-2021 09:09;;115663.564;558612.151;-0.514;2
L500038;15-10-2021 09:09;;115663.992;558611.681;-0.543;2
L500039;15-10-2021 09:09;;115664.681;558611.169;-0.597;2
L500040;15-10-2021 09:09;;115665.324;558610.485;-0.615;2
L500041;15-10-2021 09:09;;115665.986;558609.993;-0.643;2
L500042;15-10-2021 09:09;;115666.558;558609.49;-0.666;2
L500043;15-10-2021 09:09;;115667.064;558608.887;-0.675;2
L500044;15-10-2021 09:09;;115667.727;558608.243;-0.697;2
L500045;15-10-2021 09:09;;115668.359;558607.719;-0.707;2
L500046;15-10-2021 09:09;;115668.863;558607.247;-0.73;2
L500047;15-10-2021 09:09;;115669.394;558606.768;-0.741;2
L500048;15-10-2021 09:09;;115669.987;558606.161;-0.754;2
L500049;15-10-2021 09:09;;115670.569;558605.605;-0.764;2
L500050;15-10-2021 09:09;;115671.09;558605.026;-0.781;2
L500051;15-10-2021 09:09;;115671.592;558604.506;-0.801;2
L500052;15-10-2021 09:09;;115672.083;558603.958;-0.804;2
L500053;15-10-2021 09:09;;115672.536;558603.406;-0.818;2
L500054;15-10-2021 09:09;;115673.084;558602.917;-0.815;2
L500055;15-10-2021 09:09;;115673.607;558602.435;-0.826;2
L500056;15-10-2021 09:09;;115674.119;558601.947;-0.839;2
L500057;15-10-2021 09:09;;115674.63;558601.503;-0.858;2
L500058;15-10-2021 09:09;;115675.112;558601.007;-0.864;2
L500059;15-10-2021 09:09;;115675.606;558600.631;-0.883;2
L500060;15-10-2021 09:09;;115676.102;558600.031;-0.888;2
L500061;15-10-2021 09:09;;115676.57;558599.584;-0.901;2
L500062;15-10-2021 09:09;;115677;558599.074;-0.911;2
L500063;15-10-2021 09:09;;115677.484;558598.7;-0.913;2
L500064;15-10-2021 09:09;;115678.012;558598.291;-0.935;2
L500065;15-10-2021 09:09;;115678.48;558597.775;-0.957;2
L500066;15-10-2021 09:09;;115678.958;558597.412;-0.962;2
L500067;15-10-2021 09:09;;115679.374;558596.944;-0.982;2
L500068;15-10-2021 09:09;;115679.805;558596.451;-0.99;2
L500069;15-10-2021 09:09;;115680.28;558596.046;-1.028;2
L500070;15-10-2021 09:09;;115680.836;558595.527;-1.031;2
L500071;15-10-2021 09:09;;115681.313;558595.11;-1.049;2
L500072;15-10-2021 09:09;;115681.792;558594.584;-1.063;2
L500073;15-10-2021 09:09;;115682.173;558594.215;-1.057;2
L500074;15-10-2021 09:09;;115682.574;558593.79;-1.064;2
L500075;15-10-2021 09:09;;115682.95;558593.367;-1.078;2
L500076;15-10-2021 09:09;;115683.339;558592.961;-1.072;2
L500077;15-10-2021 09:09;;115683.791;558592.571;-1.066;2
L500078;15-10-2021 09:09;;115684.197;558592.229;-1.069;2
L500079;15-10-2021 09:09;;115684.487;558591.87;-1.073;2
L500080;15-10-2021 09:09;;115684.991;558591.438;-1.074;2
L500081;15-10-2021 09:09;;115685.462;558591.024;-1.075;2
L500082;15-10-2021 09:09;;115685.86;558590.578;-1.075;2
L500083;15-10-2021 09:09;;115686.284;558590.262;-1.074;2
L500084;15-10-2021 09:09;;115686.655;558589.903;-1.079;2
L500085;15-10-2021 09:09;;115687.153;558589.468;-1.085;2
L500086;15-10-2021 09:09;;115687.646;558589.018;-1.086;2
L500087;15-10-2021 09:09;;115688.164;558588.588;-1.095;2
L500088;15-10-2021 09:09;;115688.622;558588.291;-1.104;2
L500089;15-10-2021 09:09;;115689.026;558587.892;-1.105;2
L500090;15-10-2021 09:09;;115689.453;558587.492;-1.112;2
L500091;15-10-2021 09:09;;115689.907;558587.027;-1.105;2
L500092;15-10-2021 09:10;;115690.41;558586.725;-1.12;2
L500093;15-10-2021 09:10;;115690.776;558586.348;-1.122;2
L500094;15-10-2021 09:10;;115691.18;558585.88;-1.125;2
L500095;15-10-2021 09:10;;115691.573;558585.492;-1.136;2
L500096;15-10-2021 09:10;;115692.014;558585.132;-1.135;2
L500097;15-10-2021 09:10;;115692.428;558584.838;-1.137;2
L500098;15-10-2021 09:10;;115692.734;558584.548;-1.149;2
L500099;15-10-2021 09:10;;115693.149;558584.151;-1.153;2
L500100;15-10-2021 09:10;;115693.503;558583.799;-1.153;2
L500101;15-10-2021 09:10;;115693.894;558583.369;-1.15;2
L500102;15-10-2021 09:10;;115694.332;558583.059;-1.158;2
L500103;15-10-2021 09:10;;115694.666;558582.676;-1.15;2
L500104;15-10-2021 09:10;;115695.07;558582.308;-1.153;2
L500105;15-10-2021 09:10;;115695.466;558581.944;-1.165;2
L500106;15-10-2021 09:10;;115695.8;558581.612;-1.154;2
L500107;15-10-2021 09:10;;115696.147;558581.222;-1.161;2
L500108;15-10-2021 09:10;;115696.556;558580.92;-1.177;2
L500109;15-10-2021 09:10;;115696.923;558580.523;-1.187;2
L500110;15-10-2021 09:10;;115697.431;558580.135;-1.188;2
L500111;15-10-2021 09:10;;115697.839;558579.749;-1.186;2
L500112;15-10-2021 09:10;;115698.265;558579.448;-1.196;2
L500113;15-10-2021 09:10;;115698.527;558579.057;-1.197;2
L500114;15-10-2021 09:10;;115699.005;558578.705;-1.209;2
L500115;15-10-2021 09:10;;115699.43;558578.396;-1.199;2
L500116;15-10-2021 09:10;;115699.893;558578.136;-1.204;2
L500117;15-10-2021 09:10;;115700.301;558577.872;-1.216;2
L500118;15-10-2021 09:10;;115700.733;558577.531;-1.216;2
L500119;15-10-2021 09:10;;115701.131;558577.237;-1.229;2
L500120;15-10-2021 09:10;;115701.495;558576.884;-1.223;2
L500121;15-10-2021 09:10;;115701.849;558576.535;-1.212;2
L500122;15-10-2021 09:10;;115702.223;558576.21;-1.224;2
L500123;15-10-2021 09:10;;115702.558;558575.821;-1.225;2
L500124;15-10-2021 09:10;;115702.975;558575.407;-1.229;2
L500125;15-10-2021 09:10;;115703.374;558575.042;-1.233;2
L500126;15-10-2021 09:10;;115703.707;558574.743;-1.239;2
L500127;15-10-2021 09:10;;115704.103;558574.398;-1.25;2
L500128;15-10-2021 09:10;;115704.552;558574.003;-1.253;2
L500129;15-10-2021 09:10;;115704.945;558573.611;-1.264;2
L500130;15-10-2021 09:10;;115705.238;558573.321;-1.255;2
L500131;15-10-2021 09:10;;115705.541;558573.006;-1.261;2
L500132;15-10-2021 09:10;;115705.942;558572.742;-1.254;2
L500133;15-10-2021 09:10;;115706.317;558572.455;-1.275;2
L500134;15-10-2021 09:10;;115706.684;558572.071;-1.283;2
L500135;15-10-2021 09:10;;115707.012;558571.767;-1.273;2
L500136;15-10-2021 09:10;;115707.314;558571.508;-1.281;2
L500137;15-10-2021 09:10;;115707.634;558571.257;-1.265;2
L500138;15-10-2021 09:10;;115707.957;558571.055;-1.284;2
L500139;15-10-2021 09:10;;115708.294;558570.839;-1.29;2
L500140;15-10-2021 09:10;;115708.413;558570.741;-1.295;2
L500141;15-10-2021 09:10;;115708.555;558570.682;-1.305;2
L600001;15-10-2021 08:58;;115443.958;558197.077;-1.263;2
L600002;15-10-2021 08:58;;115443.916;558197.09;-1.251;2
L600003;15-10-2021 08:58;;115443.785;558197.229;-1.246;2
L600004;15-10-2021 08:58;;115443.54;558197.299;-1.254;2
L600005;15-10-2021 08:58;;115443.317;558197.431;-1.242;2
L600006;15-10-2021 08:58;;115443.029;558197.559;-1.246;2
L600007;15-10-2021 08:58;;115442.647;558197.758;-1.237;2
L600008;15-10-2021 08:58;;115442.339;558197.998;-1.236;2
L600009;15-10-2021 08:58;;115441.959;558198.19;-1.237;2
L600010;15-10-2021 08:58;;115441.679;558198.338;-1.234;2
L600011;15-10-2021 08:58;;115441.394;558198.491;-1.239;2
L600012;15-10-2021 08:58;;115441.074;558198.699;-1.232;2
L600013;15-10-2021 08:58;;115440.622;558198.95;-1.218;2
L600014;15-10-2021 08:58;;115440.299;558199.162;-1.221;2
L600015;15-10-2021 08:58;;115440.038;558199.37;-1.219;2
L600016;15-10-2021 08:58;;115439.754;558199.491;-1.21;2
L600017;15-10-2021 08:58;;115439.515;558199.698;-1.208;2
L600018;15-10-2021 08:58;;115439.208;558199.877;-1.219;2
L600019;15-10-2021 08:58;;115438.783;558200.103;-1.214;2
L600020;15-10-2021 08:58;;115438.418;558200.254;-1.199;2
L600021;15-10-2021 08:58;;115438.1;558200.397;-1.199;2
L600022;15-10-2021 08:58;;115437.7;558200.583;-1.209;2
L600023;15-10-2021 08:58;;115437.478;558200.698;-1.217;2
L600024;15-10-2021 08:58;;115437.084;558200.968;-1.207;2
L600025;15-10-2021 08:58;;115436.822;558201.236;-1.186;2
L600026;15-10-2021 08:58;;115436.473;558201.455;-1.184;2
L600027;15-10-2021 08:58;;115436.086;558201.741;-1.171;2
L600028;15-10-2021 08:58;;115435.775;558201.929;-1.191;2
L600029;15-10-2021 08:58;;115435.395;558202.101;-1.19;2
L600030;15-10-2021 08:59;;115435.045;558202.196;-1.184;2
L600031;15-10-2021 08:59;;115434.793;558202.416;-1.183;2
L600032;15-10-2021 08:59;;115434.506;558202.652;-1.165;2
L600033;15-10-2021 08:59;;115434.067;558202.819;-1.18;2
L600034;15-10-2021 08:59;;115433.718;558203.096;-1.179;2
L600035;15-10-2021 08:59;;115433.375;558203.308;-1.171;2
L600036;15-10-2021 08:59;;115432.996;558203.519;-1.165;2
L600037;15-10-2021 08:59;;115432.612;558203.694;-1.173;2
L600038;15-10-2021 08:59;;115432.371;558204.024;-1.158;2
L600039;15-10-2021 08:59;;115432.057;558204.311;-1.139;2
L600040;15-10-2021 08:59;;115431.649;558204.55;-1.147;2
L600041;15-10-2021 08:59;;115431.307;558204.773;-1.151;2
L600042;15-10-2021 08:59;;115430.896;558205.009;-1.15;2
L600043;15-10-2021 08:59;;115430.531;558205.235;-1.16;2
L600044;15-10-2021 08:59;;115430.136;558205.424;-1.147;2
L600045;15-10-2021 08:59;;115429.802;558205.6;-1.135;2
L600046;15-10-2021 08:59;;115429.488;558205.776;-1.136;2
L600047;15-10-2021 08:59;;115429.099;558206.021;-1.145;2
L600048;15-10-2021 08:59;;115428.77;558206.327;-1.149;2
L600049;15-10-2021 08:59;;115428.338;558206.546;-1.145;2
L600050;15-10-2021 08:59;;115428.03;558206.839;-1.118;2
L600051;15-10-2021 08:59;;115427.637;558207.07;-1.11;2
L600052;15-10-2021 08:59;;115427.303;558207.332;-1.113;2
L600053;15-10-2021 08:59;;115426.913;558207.561;-1.101;2
L600054;15-10-2021 08:59;;115426.467;558207.832;-1.113;2
L600055;15-10-2021 08:59;;115425.991;558208.127;-1.09;2
L600056;15-10-2021 08:59;;115425.464;558208.327;-1.094;2
L600057;15-10-2021 08:59;;115425.041;558208.574;-1.077;2
L600058;15-10-2021 08:59;;115424.691;558208.738;-1.08;2
L600059;15-10-2021 08:59;;115424.35;558209.081;-1.072;2
L600060;15-10-2021 08:59;;115423.922;558209.398;-1.07;2
L600061;15-10-2021 08:59;;115423.561;558209.673;-1.081;2
L600062;15-10-2021 08:59;;115423.103;558209.982;-1.068;2
L600063;15-10-2021 08:59;;115422.675;558210.281;-1.058;2
L600064;15-10-2021 08:59;;115422.262;558210.531;-1.069;2
L600065;15-10-2021 08:59;;115421.895;558210.833;-1.059;2
L600066;15-10-2021 08:59;;115421.563;558211.169;-1.054;2
L600067;15-10-2021 08:59;;115421.236;558211.46;-1.04;2
L600068;15-10-2021 08:59;;115420.843;558211.81;-1.046;2
L600069;15-10-2021 08:59;;115420.314;558212.219;-1.037;2
L600070;15-10-2021 08:59;;115419.93;558212.502;-1.042;2
L600071;15-10-2021 08:59;;115419.545;558212.822;-1.024;2
L600072;15-10-2021 08:59;;115419.191;558213.114;-1.032;2
L600073;15-10-2021 08:59;;115418.819;558213.403;-1.025;2
L600074;15-10-2021 08:59;;115418.397;558213.663;-1.025;2
L600075;15-10-2021 08:59;;115417.92;558213.922;-1.018;2
L600076;15-10-2021 08:59;;115417.672;558214.2;-1.029;2
L600077;15-10-2021 08:59;;115417.121;558214.582;-1.013;2
L600078;15-10-2021 08:59;;115416.703;558215;-1.012;2
L600079;15-10-2021 08:59;;115416.356;558215.287;-1.012;2
L600080;15-10-2021 08:59;;115416.053;558215.612;-1.01;2
L600081;15-10-2021 08:59;;115415.676;558215.923;-1.001;2
L600082;15-10-2021 08:59;;115415.366;558216.3;-0.995;2
L600083;15-10-2021 08:59;;115414.968;558216.538;-0.985;2
L600084;15-10-2021 08:59;;115414.573;558216.905;-0.993;2
L600085;15-10-2021 08:59;;115414.122;558217.202;-0.988;2
L600086;15-10-2021 08:59;;115413.836;558217.579;-0.978;2
L600087;15-10-2021 08:59;;115413.37;558217.885;-0.965;2
L600088;15-10-2021 08:59;;115412.977;558218.283;-0.96;2
L600089;15-10-2021 08:59;;115412.592;558218.608;-0.949;2
L600090;15-10-2021 09:00;;115412.212;558218.889;-0.952;2
L600091;15-10-2021 09:00;;115411.875;558219.249;-0.942;2
L600092;15-10-2021 09:00;;115411.441;558219.632;-0.953;2
L600093;15-10-2021 09:00;;115411.049;558219.995;-0.949;2
L600094;15-10-2021 09:00;;115410.724;558220.46;-0.912;2
L600095;15-10-2021 09:00;;115410.235;558220.774;-0.906;2
L600096;15-10-2021 09:00;;115409.846;558221.179;-0.906;2
L600097;15-10-2021 09:00;;115409.385;558221.447;-0.899;2
L600098;15-10-2021 09:00;;115408.91;558221.808;-0.871;2
L600099;15-10-2021 09:00;;115408.424;558222.065;-0.885;2
L600100;15-10-2021 09:00;;115408.074;558222.336;-0.864;2
L600101;15-10-2021 09:00;;115407.653;558222.583;-0.866;2
L600102;15-10-2021 09:00;;115407.147;558222.991;-0.851;2
L600103;15-10-2021 09:00;;115406.673;558223.401;-0.827;2
L600104;15-10-2021 09:00;;115406.296;558223.713;-0.824;2
L600105;15-10-2021 09:00;;115405.827;558224.162;-0.805;2
L600106;15-10-2021 09:00;;115405.369;558224.432;-0.811;2
L600107;15-10-2021 09:00;;115404.957;558224.895;-0.788;2
L600108;15-10-2021 09:00;;115404.368;558225.331;-0.776;2
L600109;15-10-2021 09:00;;115403.832;558225.712;-0.774;2
L600110;15-10-2021 09:00;;115403.512;558226.279;-0.756;2
L600111;15-10-2021 09:00;;115402.956;558226.638;-0.755;2
L600112;15-10-2021 09:00;;115402.408;558227.074;-0.743;2
L600113;15-10-2021 09:00;;115401.875;558227.435;-0.752;2
L600114;15-10-2021 09:00;;115401.332;558227.971;-0.706;2
L600115;15-10-2021 09:00;;115400.851;558228.414;-0.705;2
L600116;15-10-2021 09:00;;115400.309;558228.75;-0.697;2
L600117;15-10-2021 09:00;;115399.783;558229.15;-0.681;2
L600118;15-10-2021 09:00;;115399.255;558229.536;-0.676;2
L600119;15-10-2021 09:00;;115398.789;558230.073;-0.657;2
L600120;15-10-2021 09:00;;115398.175;558230.488;-0.642;2
L600121;15-10-2021 09:00;;115397.788;558230.98;-0.622;2
L600122;15-10-2021 09:00;;115397.203;558231.277;-0.626;2
L600123;15-10-2021 09:00;;115396.704;558231.833;-0.598;2
L600124;15-10-2021 09:00;;115396.058;558232.238;-0.581;2
L600125;15-10-2021 09:00;;115395.616;558232.733;-0.563;2
L600126;15-10-2021 09:00;;115395.072;558233.155;-0.533;2
L600127;15-10-2021 09:00;;115394.462;558233.572;-0.508;2
L600128;15-10-2021 09:00;;115393.858;558234.091;-0.475;2
L600129;15-10-2021 09:00;;115393.262;558234.513;-0.463;2
L600130;15-10-2021 09:00;;115392.85;558235.002;-0.453;2
L600131;15-10-2021 09:00;;115392.217;558235.32;-0.431;2
L600132;15-10-2021 09:00;;115391.593;558235.882;-0.395;2
L600133;15-10-2021 09:00;;115391.148;558236.406;-0.381;2
L600134;15-10-2021 09:00;;115390.544;558236.658;-0.363;2
L600135;15-10-2021 09:00;;115390.096;558237.144;-0.341;2
L600136;15-10-2021 09:00;;115389.488;558237.503;-0.335;2
L600137;15-10-2021 09:00;;115388.868;558237.906;-0.338;2
L600138;15-10-2021 09:00;;115388.408;558238.466;-0.319;2
L600139;15-10-2021 09:00;;115387.802;558238.845;-0.336;2
L600140;15-10-2021 09:00;;115387.062;558239.375;-0.336;2
L600141;15-10-2021 09:00;;115386.43;558239.767;-0.343;2
L600142;15-10-2021 09:00;;115385.834;558240.328;-0.357;2
L600143;15-10-2021 09:00;;115385.239;558240.83;-0.366;2
L600144;15-10-2021 09:00;;115384.55;558241.218;-0.384;2
L600145;15-10-2021 09:00;;115384.058;558241.793;-0.397;2
L600146;15-10-2021 09:00;;115383.489;558242.288;-0.383;2
L600147;15-10-2021 09:00;;115382.907;558242.755;-0.403;2
L600148;15-10-2021 09:00;;115382.408;558243.36;-0.39;2
L600149;15-10-2021 09:00;;115381.796;558243.789;-0.393;2
L600150;15-10-2021 09:01;;115381.227;558244.297;-0.382;2
L600151;15-10-2021 09:01;;115380.634;558244.797;-0.37;2
L600152;15-10-2021 09:01;;115380.001;558245.203;-0.389;2
L600153;15-10-2021 09:01;;115379.464;558245.729;-0.393;2
L600154;15-10-2021 09:01;;115378.856;558245.984;-0.379;2
L600155;15-10-2021 09:01;;115378.264;558246.486;-0.381;2
L600156;15-10-2021 09:01;;115377.643;558246.877;-0.391;2
L600157;15-10-2021 09:01;;115377.034;558247.32;-0.397;2
L600158;15-10-2021 09:01;;115376.449;558247.81;-0.394;2
L600159;15-10-2021 09:01;;115375.682;558248.291;-0.384;2
L600160;15-10-2021 09:01;;115375.163;558248.814;-0.384;2
L600161;15-10-2021 09:01;;115374.544;558249.25;-0.386;2
L600162;15-10-2021 09:01;;115373.853;558249.705;-0.37;2
L600163;15-10-2021 09:01;;115373.254;558250.236;-0.358;2
L600164;15-10-2021 09:01;;115372.521;558250.678;-0.362;2
L600165;15-10-2021 09:01;;115371.732;558251.189;-0.32;2
L600166;15-10-2021 09:01;;115371.341;558251.659;-0.352;2
L600167;15-10-2021 09:01;;115370.652;558252.215;-0.344;2
L600168;15-10-2021 09:01;;115369.952;558252.798;-0.335;2
L600169;15-10-2021 09:01;;115369.234;558253.316;-0.336;2
L600170;15-10-2021 09:01;;115368.618;558253.742;-0.34;2
L600171;15-10-2021 09:01;;115367.995;558254.368;-0.296;2
L600172;15-10-2021 09:01;;115367.405;558254.944;-0.206;2
L600173;15-10-2021 09:01;;115366.718;558255.475;-0.107;2
L600174;15-10-2021 09:01;;115366.46;558255.974;-0.056;2
L600175;15-10-2021 09:01;;115365.954;558256.249;0.009;2
L600176;15-10-2021 09:01;;115365.604;558256.658;0.07;2
L600177;15-10-2021 09:01;;115365.026;558257.059;0.131;2
L600178;15-10-2021 09:01;;115364.468;558257.449;0.215;2
L600179;15-10-2021 09:01;;115363.703;558258.061;0.333;2
L600180;15-10-2021 09:01;;115362.896;558258.803;0.464;2
L600181;15-10-2021 09:01;;115362.161;558259.429;0.592;2
L600182;15-10-2021 09:01;;115361.449;558260.133;0.714;2
L600183;15-10-2021 09:01;;115360.646;558260.911;0.836;2
L600184;15-10-2021 09:01;;115359.803;558261.572;0.968;2
L600185;15-10-2021 09:01;;115358.939;558262.375;1.086;2
L600186;15-10-2021 09:01;;115358.18;558263.032;1.213;2
L600187;15-10-2021 09:01;;115357.21;558263.74;1.327;2
L600188;15-10-2021 09:01;;115356.269;558264.427;1.411;2
L600189;15-10-2021 09:01;;115355.323;558265.155;1.476;2
L600190;15-10-2021 09:01;;115354.449;558266.061;1.529;2
L600191;15-10-2021 09:01;;115353.536;558266.9;1.623;2
L600192;15-10-2021 09:01;;115352.512;558267.628;1.67;2
L600193;15-10-2021 09:01;;115351.51;558268.39;1.691;2
L600194;15-10-2021 09:01;;115350.536;558269.166;1.685;2
L600195;15-10-2021 09:01;;115349.526;558269.889;1.741;2
L600196;15-10-2021 09:01;;115348.461;558270.793;1.756;2
L600197;15-10-2021 09:01;;115347.37;558271.55;1.815;2
L600198;15-10-2021 09:01;;115346.46;558272.291;1.838;2
L600199;15-10-2021 09:01;;115345.505;558273.168;1.807;2
