L100001         ;26-9-2021;16:40:28;117453.896;560041.884;-1.472;0.01;0.02
L100002         ;26-9-2021;16:40:29;117453.566;560042.011;-1.478;0.01;0.02
L100003         ;26-9-2021;16:40:30;117453.231;560042.32;-1.474;0.01;0.02
L100004         ;26-9-2021;16:40:31;117452.73;560042.615;-1.477;0.01;0.02
L100005         ;26-9-2021;16:40:32;117452.208;560042.929;-1.471;0.01;0.02
L100006         ;26-9-2021;16:40:33;117451.725;560043.246;-1.472;0.01;0.01
L100007         ;26-9-2021;16:40:34;117451.28;560043.539;-1.476;0.01;0.01
L100008         ;26-9-2021;16:40:35;117450.769;560043.859;-1.464;0.01;0.01
L100009         ;26-9-2021;16:40:36;117450.317;560044.201;-1.461;0.01;0.01
L100010         ;26-9-2021;16:40:37;117449.844;560044.471;-1.473;0.01;0.01
L100011         ;26-9-2021;16:40:38;117449.352;560044.82;-1.462;0.01;0.01
L100012         ;26-9-2021;16:40:39;117448.821;560045.09;-1.455;0.01;0.01
L100013         ;26-9-2021;16:40:40;117448.321;560045.358;-1.467;0.01;0.01
L100014         ;26-9-2021;16:40:41;117447.771;560045.572;-1.453;0.01;0.01
L100015         ;26-9-2021;16:40:42;117447.231;560045.863;-1.446;0.01;0.01
L100016         ;26-9-2021;16:40:43;117446.651;560046.141;-1.432;0.01;0.01
L100017         ;26-9-2021;16:40:44;117446.085;560046.422;-1.429;0.01;0.01
L100018         ;26-9-2021;16:40:45;117445.518;560046.691;-1.43;0.01;0.01
L100019         ;26-9-2021;16:40:46;117444.979;560046.993;-1.434;0.01;0.01
L100020         ;26-9-2021;16:40:47;117444.378;560047.253;-1.431;0.01;0.01
L100021         ;26-9-2021;16:40:48;117443.776;560047.522;-1.439;0.01;0.01
L100022         ;26-9-2021;16:40:49;117443.209;560047.828;-1.447;0.01;0.01
L100023         ;26-9-2021;16:40:50;117442.638;560048.1;-1.453;0.01;0.01
L100024         ;26-9-2021;16:40:51;117442.051;560048.398;-1.46;0.01;0.01
L100025         ;26-9-2021;16:40:52;117441.395;560048.677;-1.463;0.01;0.01
L100026         ;26-9-2021;16:40:53;117440.729;560048.946;-1.476;0.01;0.01
L100027         ;26-9-2021;16:40:54;117440.118;560049.298;-1.475;0.01;0.01
L100028         ;26-9-2021;16:40:55;117439.492;560049.561;-1.481;0.01;0.01
L100029         ;26-9-2021;16:40:56;117438.873;560049.911;-1.484;0.01;0.01
L100030         ;26-9-2021;16:40:57;117438.179;560050.213;-1.477;0.01;0.01
L100031         ;26-9-2021;16:40:58;117437.503;560050.54;-1.481;0.01;0.01
L100032         ;26-9-2021;16:40:59;117436.836;560050.782;-1.473;0.01;0.01
L100033         ;26-9-2021;0.695138889;117436.179;560051.044;-1.483;0.01;0.01
L100034         ;26-9-2021;16:41:01;117435.54;560051.296;-1.468;0.01;0.01
L100035         ;26-9-2021;16:41:02;117434.954;560051.546;-1.463;0.01;0.01
L100036         ;26-9-2021;16:41:03;117434.37;560051.869;-1.468;0.01;0.01
L100037         ;26-9-2021;16:41:04;117433.684;560051.992;-1.454;0.01;0.01
L100038         ;26-9-2021;16:41:05;117433.091;560052.229;-1.442;0.01;0.01
L100039         ;26-9-2021;16:41:06;117432.438;560052.437;-1.43;0.01;0.01
L100040         ;26-9-2021;16:41:07;117431.773;560052.697;-1.417;0.01;0.01
L100041         ;26-9-2021;16:41:08;117431.15;560052.938;-1.387;0.01;0.01
L100042         ;26-9-2021;16:41:09;117430.514;560053.182;-1.35;0.01;0.01
L100043         ;26-9-2021;16:41:10;117429.861;560053.407;-1.302;0.01;0.01
L100044         ;26-9-2021;16:41:11;117429.153;560053.655;-1.257;0.01;0.01
L100045         ;26-9-2021;16:41:12;117428.426;560053.944;-1.226;0.01;0.01
L100046         ;26-9-2021;16:41:13;117427.642;560054.192;-1.187;0.01;0.01
L100047         ;26-9-2021;16:41:14;117426.92;560054.498;-1.153;0.01;0.01
L100048         ;26-9-2021;16:41:15;117426.183;560054.711;-1.132;0.01;0.01
L100049         ;26-9-2021;16:41:16;117425.45;560054.999;-1.107;0.01;0.01
L100050         ;26-9-2021;16:41:17;117424.655;560055.278;-1.076;0.01;0.01
L100051         ;26-9-2021;16:41:18;117423.806;560055.477;-1.011;0.01;0.01
L100052         ;26-9-2021;16:41:19;117423.115;560055.711;-0.877;0.01;0.01
L100053         ;26-9-2021;16:41:20;117422.316;560055.867;-0.789;0.01;0.01
L100054         ;26-9-2021;16:41:21;117421.335;560056.053;-0.669;0.01;0.01
L100055         ;26-9-2021;16:41:22;117420.344;560056.26;-0.557;0.01;0.01
L100056         ;26-9-2021;16:41:23;117419.343;560056.472;-0.443;0.01;0.01
L100057         ;26-9-2021;16:41:24;117418.184;560056.721;-0.335;0.01;0.01
L100058         ;26-9-2021;16:41:25;117416.967;560056.92;-0.225;0.01;0.01
L100059         ;26-9-2021;16:41:26;117415.673;560057.164;-0.109;0.01;0.01
L100060         ;26-9-2021;16:41:27;117414.423;560057.428;0.008;0.01;0.01
L100061         ;26-9-2021;16:41:28;117413.168;560057.773;0.136;0.01;0.01
L100062         ;26-9-2021;16:41:29;117411.858;560058.161;0.276;0.01;0.01
L100063         ;26-9-2021;16:41:30;117410.507;560058.496;0.435;0.01;0.01
L100064         ;26-9-2021;16:41:31;117409.22;560058.805;0.591;0.01;0.01
L100065         ;26-9-2021;16:41:32;117407.997;560059.151;0.75;0.01;0.01
L100066         ;26-9-2021;16:41:33;117406.728;560059.597;0.865;0.01;0.01
L100067         ;26-9-2021;16:41:34;117405.41;560060.011;0.945;0.01;0.01
L100068         ;26-9-2021;16:41:35;117404.11;560060.402;0.983;0.01;0.01
L100069         ;26-9-2021;16:41:36;117402.862;560060.779;1.013;0.01;0.01
L100070         ;26-9-2021;16:41:37;117401.719;560061.142;1.003;0.01;0.01
L100071         ;26-9-2021;16:41:38;117400.602;560061.438;0.919;0.01;0.01
L100072         ;26-9-2021;16:41:39;117399.373;560061.764;0.96;0.01;0.01
L100073         ;26-9-2021;16:41:40;117398.115;560062.167;0.982;0.01;0.01
L100074         ;26-9-2021;16:41:41;117396.863;560062.662;0.981;0.01;0.01
L100075         ;26-9-2021;16:41:42;117395.673;560063.212;0.899;0.01;0.01
L100076         ;26-9-2021;16:41:43;117394.415;560063.674;0.784;0.01;0.01
L100077         ;26-9-2021;16:41:44;117393.02;560064.176;0.723;0.01;0.01
L100078         ;26-9-2021;16:41:45;117391.582;560064.552;0.686;0.01;0.01
L100079         ;26-9-2021;16:41:46;117390.236;560064.965;0.7;0.01;0.01
L100080         ;26-9-2021;16:41:47;117388.944;560065.465;0.743;0.01;0.01
L100081         ;26-9-2021;16:41:48;117387.652;560065.895;0.745;0.01;0.01
L100082         ;26-9-2021;16:41:49;117386.311;560066.38;0.838;0.01;0.01
L100083         ;26-9-2021;16:41:50;117385.151;560066.799;0.963;0.01;0.01
L100084         ;26-9-2021;16:41:51;117384.025;560067.235;1.036;0.01;0.01
L20001          ;26-9-2021;16:48:05;117242.594;559774.624;-1.472;0.01;0.01
L20002          ;26-9-2021;16:48:06;117242.465;559774.762;-1.479;0.01;0.01
L20003          ;26-9-2021;16:48:07;117242.002;559775.148;-1.488;0.01;0.01
L20004          ;26-9-2021;16:48:08;117241.659;559775.646;-1.481;0.01;0.01
L20005          ;26-9-2021;16:48:09;117241.275;559776.088;-1.468;0.01;0.01
L20006          ;26-9-2021;16:48:10;117240.807;559776.538;-1.469;0.01;0.01
L20007          ;26-9-2021;16:48:11;117240.334;559776.994;-1.487;0.01;0.01
L20008          ;26-9-2021;16:48:12;117239.933;559777.535;-1.468;0.01;0.01
L20009          ;26-9-2021;16:48:13;117239.471;559777.943;-1.476;0.01;0.01
L20010          ;26-9-2021;16:48:14;117239.068;559778.422;-1.484;0.01;0.01
L20011          ;26-9-2021;16:48:15;117238.58;559778.904;-1.472;0.01;0.01
L20012          ;26-9-2021;16:48:16;117238.167;559779.362;-1.456;0.01;0.01
L20013          ;26-9-2021;16:48:17;117237.763;559779.774;-1.463;0.01;0.01
L20014          ;26-9-2021;16:48:18;117237.341;559780.269;-1.455;0.01;0.01
L20015          ;26-9-2021;16:48:19;117236.917;559780.712;-1.44;0.01;0.01
L20016          ;26-9-2021;16:48:20;117236.528;559781.199;-1.447;0.01;0.02
L20017          ;26-9-2021;16:48:21;117236.047;559781.715;-1.442;0.01;0.01
L20018          ;26-9-2021;16:48:22;117235.624;559782.206;-1.429;0.01;0.01
L20019          ;26-9-2021;16:48:23;117235.196;559782.718;-1.425;0.01;0.01
L20020          ;26-9-2021;16:48:24;117234.762;559783.166;-1.433;0.01;0.01
L20021          ;26-9-2021;16:48:25;117234.352;559783.591;-1.439;0.01;0.01
L20022          ;26-9-2021;16:48:26;117233.928;559784.092;-1.433;0.01;0.01
L20023          ;26-9-2021;16:48:27;117233.469;559784.572;-1.442;0.01;0.01
L20024          ;26-9-2021;16:48:28;117233.005;559785.037;-1.442;0.01;0.01
L20025          ;26-9-2021;16:48:29;117232.532;559785.599;-1.447;0.01;0.01
L20026          ;26-9-2021;16:48:30;117232.107;559786.094;-1.443;0.01;0.01
L20027          ;26-9-2021;16:48:31;117231.671;559786.505;-1.437;0.01;0.01
L20028          ;26-9-2021;16:48:32;117231.297;559786.995;-1.433;0.01;0.01
L20029          ;26-9-2021;16:48:33;117230.863;559787.45;-1.448;0.01;0.01
L20030          ;26-9-2021;16:48:34;117230.434;559787.866;-1.449;0.01;0.01
L20031          ;26-9-2021;16:48:35;117229.965;559788.353;-1.454;0.01;0.01
L20032          ;26-9-2021;16:48:36;117229.463;559788.814;-1.458;0.01;0.01
L20033          ;26-9-2021;16:48:37;117229.066;559789.335;-1.46;0.01;0.01
L20034          ;26-9-2021;16:48:38;117228.558;559789.781;-1.464;0.01;0.01
L20035          ;26-9-2021;16:48:39;117228.037;559790.234;-1.468;0.01;0.01
L20036          ;26-9-2021;16:48:40;117227.544;559790.681;-1.486;0.01;0.01
L20037          ;26-9-2021;16:48:41;117227.068;559791.203;-1.474;0.01;0.01
L20038          ;26-9-2021;16:48:42;117226.56;559791.61;-1.466;0.01;0.01
L20039          ;26-9-2021;16:48:43;117226.15;559792.108;-1.463;0.01;0.01
L20040          ;26-9-2021;16:48:44;117225.69;559792.539;-1.465;0.01;0.01
L20041          ;26-9-2021;16:48:45;117225.214;559793.043;-1.456;0.01;0.01
L20042          ;26-9-2021;16:48:46;117224.672;559793.458;-1.466;0.01;0.01
L20043          ;26-9-2021;16:48:47;117224.164;559793.937;-1.469;0.01;0.01
L20044          ;26-9-2021;16:48:48;117223.653;559794.41;-1.452;0.01;0.01
L20045          ;26-9-2021;16:48:49;117223.167;559794.857;-1.453;0.01;0.01
L20046          ;26-9-2021;16:48:50;117222.687;559795.313;-1.445;0.01;0.01
L20047          ;26-9-2021;16:48:51;117222.214;559795.829;-1.429;0.01;0.01
L20048          ;26-9-2021;16:48:52;117221.685;559796.254;-1.426;0.01;0.01
L20049          ;26-9-2021;16:48:53;117221.173;559796.785;-1.41;0.01;0.01
L20050          ;26-9-2021;16:48:54;117220.626;559797.235;-1.409;0.01;0.01
L20051          ;26-9-2021;16:48:55;117220.138;559797.717;-1.4;0.01;0.01
L20052          ;26-9-2021;16:48:56;117219.675;559798.185;-1.396;0.01;0.01
L20053          ;26-9-2021;16:48:57;117219.201;559798.649;-1.403;0.01;0.01
L20054          ;26-9-2021;16:48:58;117218.711;559799.144;-1.405;0.01;0.01
L20055          ;26-9-2021;16:48:59;117218.18;559799.681;-1.383;0.01;0.01
L20056          ;26-9-2021;0.700694444;117217.619;559800.23;-1.406;0.01;0.01
L20057          ;26-9-2021;16:49:01;117217.109;559800.772;-1.373;0.01;0.01
L20058          ;26-9-2021;16:49:02;117216.674;559801.342;-1.368;0.01;0.01
L20059          ;26-9-2021;16:49:03;117216.101;559801.826;-1.374;0.01;0.01
L20060          ;26-9-2021;16:49:04;117215.6;559802.42;-1.358;0.01;0.01
L20061          ;26-9-2021;16:49:05;117214.973;559802.958;-1.355;0.01;0.01
L20062          ;26-9-2021;16:49:06;117214.509;559803.445;-1.355;0.01;0.01
L20063          ;26-9-2021;16:49:07;117213.976;559803.95;-1.377;0.01;0.01
L20064          ;26-9-2021;16:49:08;117213.462;559804.53;-1.368;0.01;0.01
L20065          ;26-9-2021;16:49:09;117212.915;559805.015;-1.371;0.01;0.01
L20066          ;26-9-2021;16:49:10;117212.501;559805.501;-1.376;0.01;0.01
L20067          ;26-9-2021;16:49:11;117211.923;559806.039;-1.364;0.01;0.01
L20068          ;26-9-2021;16:49:12;117211.405;559806.574;-1.353;0.01;0.01
L20069          ;26-9-2021;16:49:13;117210.905;559807.071;-1.34;0.01;0.01
L20070          ;26-9-2021;16:49:14;117210.442;559807.648;-1.351;0.01;0.01
L20071          ;26-9-2021;16:49:15;117209.88;559808.128;-1.337;0.01;0.01
L20072          ;26-9-2021;16:49:16;117209.339;559808.636;-1.327;0.01;0.01
L20073          ;26-9-2021;16:49:17;117208.794;559809.198;-1.315;0.01;0.01
L20074          ;26-9-2021;16:49:18;117208.179;559809.721;-1.289;0.01;0.01
L20075          ;26-9-2021;16:49:19;117207.632;559810.238;-1.282;0.01;0.01
L20076          ;26-9-2021;16:49:20;117207.124;559810.771;-1.269;0.01;0.01
L20077          ;26-9-2021;16:49:21;117206.599;559811.298;-1.267;0.01;0.01
L20078          ;26-9-2021;16:49:22;117206.095;559811.889;-1.253;0.01;0.01
L20079          ;26-9-2021;16:49:23;117205.503;559812.391;-1.229;0.01;0.01
L20080          ;26-9-2021;16:49:24;117204.902;559812.936;-1.214;0.01;0.01
L20081          ;26-9-2021;16:49:25;117204.353;559813.461;-1.214;0.01;0.01
L20082          ;26-9-2021;16:49:26;117203.728;559814.013;-1.211;0.01;0.01
L20083          ;26-9-2021;16:49:27;117203.204;559814.578;-1.203;0.01;0.01
L20084          ;26-9-2021;16:49:28;117202.514;559815.116;-1.182;0.01;0.01
L20085          ;26-9-2021;16:49:29;117201.987;559815.605;-1.165;0.01;0.01
L20086          ;26-9-2021;16:49:30;117201.472;559816.039;-1.161;0.01;0.01
L20087          ;26-9-2021;16:49:31;117200.823;559816.611;-1.079;0.01;0.01
L20088          ;26-9-2021;16:49:32;117200.323;559817.121;-0.967;0.01;0.01
L20089          ;26-9-2021;16:49:33;117199.75;559817.551;-0.864;0.01;0.01
L20090          ;26-9-2021;16:49:34;117199.122;559818.074;-0.745;0.01;0.01
L20091          ;26-9-2021;16:49:35;117198.543;559818.641;-0.665;0.01;0.01
L20092          ;26-9-2021;16:49:36;117197.918;559819.262;-0.564;0.01;0.01
L20093          ;26-9-2021;16:49:37;117197.27;559819.922;-0.433;0.01;0.01
L20094          ;26-9-2021;16:49:38;117196.56;559820.71;-0.339;0.01;0.01
L20095          ;26-9-2021;16:49:39;117195.803;559821.515;-0.212;0.01;0.01
L20096          ;26-9-2021;16:49:40;117195.027;559822.314;-0.088;0.01;0.01
L20097          ;26-9-2021;16:49:41;117194.276;559823.131;0.037;0.01;0.01
L20098          ;26-9-2021;16:49:42;117193.494;559823.913;0.184;0.01;0.01
L20099          ;26-9-2021;16:49:43;117192.703;559824.656;0.321;0.01;0.01
L20100          ;26-9-2021;16:49:44;117191.886;559825.456;0.461;0.01;0.01
L20101          ;26-9-2021;16:49:45;117191.098;559826.268;0.608;0.01;0.01
L20102          ;26-9-2021;16:49:46;117190.334;559827.102;0.746;0.01;0.01
L20103          ;26-9-2021;16:49:47;117189.498;559827.906;0.832;0.01;0.01
L20104          ;26-9-2021;16:49:48;117188.594;559828.708;0.927;0.01;0.01
L20105          ;26-9-2021;16:49:49;117187.742;559829.537;0.996;0.01;0.01
L20106          ;26-9-2021;16:49:50;117186.933;559830.349;1.051;0.01;0.01
L20107          ;26-9-2021;16:49:51;117186.081;559831.142;1.074;0.01;0.01
L20108          ;26-9-2021;16:49:52;117185.38;559832.01;1.011;0.01;0.01
L20109          ;26-9-2021;16:49:53;117184.517;559832.941;0.971;0.01;0.01
L20110          ;26-9-2021;16:49:54;117183.571;559833.938;0.962;0.01;0.01
L20111          ;26-9-2021;16:49:55;117182.643;559834.9;1.011;0.01;0.01
L20112          ;26-9-2021;16:49:56;117181.673;559835.855;1.091;0.01;0.01
L20113          ;26-9-2021;16:49:57;117180.765;559836.798;1.116;0.01;0.01
L20114          ;26-9-2021;16:49:58;117179.808;559837.792;1.149;0.01;0.01
L20115          ;26-9-2021;16:49:59;117178.936;559838.791;1.234;0.01;0.01
L20116          ;26-9-2021;0.701388889;117178.025;559839.708;1.316;0.01;0.01
L20117          ;26-9-2021;16:50:01;117177.212;559840.593;1.328;0.01;0.01
L20118          ;26-9-2021;16:50:02;117176.371;559841.491;1.356;0.01;0.01
L20119          ;26-9-2021;16:50:03;117175.455;559842.343;1.462;0.01;0.01
L20120          ;26-9-2021;16:50:04;117174.644;559843.197;1.47;0.01;0.01
L20121          ;26-9-2021;16:50:05;117173.757;559844.109;1.454;0.01;0.01
L20122          ;26-9-2021;16:50:06;117172.799;559844.946;1.471;0.01;0.01
L20123          ;26-9-2021;16:50:07;117171.793;559845.832;1.375;0.01;0.01
L20124          ;26-9-2021;16:50:08;117170.818;559846.775;1.388;0.01;0.01
L20125          ;26-9-2021;16:50:09;117169.858;559847.653;1.365;0.01;0.01
L20126          ;26-9-2021;16:50:10;117168.885;559848.62;1.384;0.01;0.01
L20127          ;26-9-2021;16:50:11;117167.915;559849.528;1.427;0.01;0.01
L20128          ;26-9-2021;16:50:12;117167.021;559850.286;1.426;0.01;0.01
L20129          ;26-9-2021;16:50:13;117166.034;559851.079;1.45;0.01;0.01
L20130          ;26-9-2021;16:50:14;117165.034;559851.89;1.477;0.01;0.01
L20131          ;26-9-2021;16:50:15;117164.098;559852.661;1.523;0.01;0.01
L20132          ;26-9-2021;16:50:16;117163.061;559853.502;1.53;0.01;0.01
L20133          ;26-9-2021;16:50:17;117162.039;559854.31;1.592;0.01;0.01
L20134          ;26-9-2021;16:50:18;117161.008;559855.239;1.674;0.01;0.01
L20135          ;26-9-2021;16:50:19;117160.07;559856.106;1.753;0.01;0.01
L20136          ;26-9-2021;16:50:20;117159.069;559856.999;1.799;0.01;0.01
L20137          ;26-9-2021;16:50:21;117158.063;559857.825;1.807;0.01;0.01
L20138          ;26-9-2021;16:50:22;117157.046;559858.655;1.78;0.01;0.01
L20139          ;26-9-2021;16:50:23;117156.045;559859.537;1.827;0.01;0.01
L20140          ;26-9-2021;16:50:24;117155.037;559860.478;1.851;0.01;0.01
L20141          ;26-9-2021;16:50:25;117154.078;559861.361;1.891;0.01;0.01
L20142          ;26-9-2021;16:50:26;117153.179;559862.215;1.942;0.01;0.01
L20143          ;26-9-2021;16:50:27;117152.18;559863.142;1.967;0.01;0.01
L20144          ;26-9-2021;16:50:28;117151.194;559864.038;1.998;0.01;0.01
L20145          ;26-9-2021;16:50:29;117150.239;559864.911;2.114;0.01;0.01
L20146          ;26-9-2021;16:50:30;117149.413;559865.784;2.211;0.01;0.01
L20147          ;26-9-2021;16:50:31;117148.581;559866.677;2.305;0.01;0.01
L20148          ;26-9-2021;16:50:32;117147.651;559867.389;2.445;0.01;0.01
L20149          ;26-9-2021;16:50:33;117146.886;559868.029;2.514;0.01;0.01
L20150          ;26-9-2021;16:50:34;117145.998;559868.863;2.364;0.01;0.01
L20151          ;26-9-2021;16:50:35;117144.899;559869.785;2.34;0.01;0.01
L20152          ;26-9-2021;16:50:36;117144.103;559870.753;2.313;0.01;0.01
L20153          ;26-9-2021;16:50:37;117143.257;559871.794;2.317;0.01;0.01
L20154          ;26-9-2021;16:50:38;117142.45;559872.828;2.381;0.01;0.01
L20155          ;26-9-2021;16:50:39;117141.702;559873.785;2.432;0.01;0.01
L20156          ;26-9-2021;16:50:40;117140.776;559874.683;2.443;0.01;0.01
L20157          ;26-9-2021;16:50:41;117139.787;559875.653;2.477;0.01;0.01
L20158          ;26-9-2021;16:50:42;117138.838;559876.648;2.538;0.01;0.01
L20159          ;26-9-2021;16:50:43;117137.889;559877.633;2.607;0.01;0.01
L20160          ;26-9-2021;16:50:44;117137.016;559878.588;2.66;0.01;0.01
L20161          ;26-9-2021;16:50:45;117136.217;559879.444;2.676;0.01;0.01
L20162          ;26-9-2021;16:50:46;117135.186;559880.503;2.578;0.01;0.01
L20163          ;26-9-2021;16:50:47;117134.16;559881.509;2.669;0.01;0.01
L20164          ;26-9-2021;16:50:48;117133.355;559882.36;2.81;0.01;0.01
L20165          ;26-9-2021;16:50:49;117132.479;559883.189;2.811;0.01;0.01
L20166          ;26-9-2021;16:50:50;117131.467;559884.046;2.876;0.01;0.01
L20167          ;26-9-2021;16:50:51;117130.683;559884.857;3.042;0.01;0.01
L20168          ;26-9-2021;16:50:52;117130.083;559885.673;3.133;0.01;0.01
L20169          ;26-9-2021;16:50:53;117129.521;559886.316;3.213;0.01;0.01
L30001          ;26-9-2021;17:26:16;116866.976;559506.683;-1.688;0.01;0.01
L30002          ;26-9-2021;17:26:17;116866.964;559506.775;-1.677;0.01;0.01
L30003          ;26-9-2021;17:26:18;116866.729;559506.988;-1.668;0.01;0.01
L30004          ;26-9-2021;17:26:19;116866.456;559507.344;-1.665;0.01;0.01
L30005          ;26-9-2021;17:26:20;116866.198;559507.785;-1.665;0.01;0.01
L30006          ;26-9-2021;17:26:21;116865.829;559508.038;-1.671;0.01;0.01
L30007          ;26-9-2021;17:26:22;116865.578;559508.495;-1.667;0.01;0.01
L30008          ;26-9-2021;17:26:23;116865.218;559508.848;-1.67;0.01;0.01
L30009          ;26-9-2021;17:26:24;116864.881;559509.256;-1.681;0.01;0.01
L30010          ;26-9-2021;17:26:25;116864.537;559509.699;-1.671;0.01;0.01
L30011          ;26-9-2021;17:26:26;116864.222;559510.231;-1.66;0.01;0.01
L30012          ;26-9-2021;17:26:27;116863.769;559510.571;-1.661;0.01;0.01
L30013          ;26-9-2021;17:26:28;116863.442;559511.071;-1.659;0.01;0.01
L30014          ;26-9-2021;17:26:29;116863.05;559511.6;-1.641;0.01;0.01
L30015          ;26-9-2021;17:26:30;116862.74;559512.016;-1.649;0.01;0.01
L30016          ;26-9-2021;17:26:31;116862.415;559512.391;-1.639;0.01;0.01
L30017          ;26-9-2021;17:26:32;116862;559512.907;-1.629;0.01;0.01
L30018          ;26-9-2021;17:26:33;116861.586;559513.345;-1.633;0.01;0.01
L30019          ;26-9-2021;17:26:34;116861.199;559513.685;-1.635;0.01;0.01
L30020          ;26-9-2021;17:26:35;116860.877;559514.143;-1.629;0.01;0.01
L30021          ;26-9-2021;17:26:36;116860.406;559514.511;-1.62;0.01;0.01
L30022          ;26-9-2021;17:26:37;116860.099;559514.916;-1.628;0.01;0.01
L30023          ;26-9-2021;17:26:38;116859.726;559515.329;-1.616;0.01;0.01
L30024          ;26-9-2021;17:26:39;116859.409;559515.801;-1.622;0.01;0.01
L30025          ;26-9-2021;17:26:40;116859.03;559516.227;-1.604;0.01;0.01
L30026          ;26-9-2021;17:26:41;116858.649;559516.699;-1.598;0.01;0.01
L30027          ;26-9-2021;17:26:42;116858.26;559517.255;-1.588;0.01;0.01
L30028          ;26-9-2021;17:26:43;116857.853;559517.706;-1.603;0.01;0.01
L30029          ;26-9-2021;17:26:44;116857.532;559518.226;-1.602;0.01;0.01
L30030          ;26-9-2021;17:26:45;116857.111;559518.694;-1.583;0.01;0.01
L30031          ;26-9-2021;17:26:46;116856.705;559519.172;-1.576;0.01;0.01
L30032          ;26-9-2021;17:26:47;116856.289;559519.648;-1.552;0.01;0.01
L30033          ;26-9-2021;17:26:48;116855.841;559520.153;-1.523;0.01;0.01
L30034          ;26-9-2021;17:26:49;116855.318;559520.644;-1.519;0.01;0.01
L30035          ;26-9-2021;17:26:50;116854.979;559521.23;-1.503;0.01;0.01
L30036          ;26-9-2021;17:26:51;116854.533;559521.775;-1.501;0.01;0.01
L30037          ;26-9-2021;17:26:52;116854.134;559522.285;-1.494;0.01;0.01
L30038          ;26-9-2021;17:26:53;116853.706;559522.824;-1.484;0.01;0.01
L30039          ;26-9-2021;17:26:54;116853.276;559523.383;-1.474;0.01;0.01
L30040          ;26-9-2021;17:26:55;116852.88;559523.914;-1.452;0.01;0.01
L30041          ;26-9-2021;17:26:56;116852.437;559524.467;-1.433;0.01;0.01
L30042          ;26-9-2021;17:26:57;116852.04;559524.97;-1.434;0.01;0.01
L30043          ;26-9-2021;17:26:58;116851.605;559525.443;-1.418;0.01;0.01
L30044          ;26-9-2021;17:26:59;116851.179;559526.122;-1.363;0.01;0.01
L30045          ;26-9-2021;0.727083333;116850.656;559526.57;-1.325;0.01;0.01
L30046          ;26-9-2021;17:27:01;116850.271;559527.119;-1.337;0.01;0.01
L30047          ;26-9-2021;17:27:02;116849.816;559527.672;-1.306;0.01;0.01
L30048          ;26-9-2021;17:27:03;116849.342;559528.334;-1.283;0.01;0.01
L30049          ;26-9-2021;17:27:04;116848.806;559528.865;-1.264;0.01;0.01
L30050          ;26-9-2021;17:27:05;116848.355;559529.31;-1.258;0.01;0.01
L30051          ;26-9-2021;17:27:06;116847.912;559529.866;-1.255;0.01;0.01
L30052          ;26-9-2021;17:27:07;116847.316;559530.507;-1.21;0.01;0.01
L30053          ;26-9-2021;17:27:08;116846.825;559531.051;-1.204;0.01;0.01
L30054          ;26-9-2021;17:27:09;116846.218;559531.504;-1.197;0.01;0.01
L30055          ;26-9-2021;17:27:10;116845.781;559532.124;-1.196;0.01;0.01
L30056          ;26-9-2021;17:27:11;116845.278;559532.774;-1.175;0.01;0.01
L30057          ;26-9-2021;17:27:12;116844.847;559533.285;-1.167;0.01;0.01
L30058          ;26-9-2021;17:27:13;116844.294;559533.856;-1.161;0.01;0.01
L30059          ;26-9-2021;17:27:14;116843.792;559534.411;-1.15;0.01;0.01
L30060          ;26-9-2021;17:27:15;116843.335;559534.95;-1.141;0.01;0.01
L30061          ;26-9-2021;17:27:16;116842.852;559535.442;-1.114;0.01;0.01
L30062          ;26-9-2021;17:27:17;116842.447;559536.14;-1.099;0.01;0.01
L30063          ;26-9-2021;17:27:18;116841.882;559536.693;-1.065;0.01;0.01
L30064          ;26-9-2021;17:27:19;116841.432;559537.19;-1.045;0.01;0.01
L30065          ;26-9-2021;17:27:20;116840.868;559537.796;-1.004;0.01;0.01
L30066          ;26-9-2021;17:27:21;116840.313;559538.404;-0.909;0.01;0.01
L30067          ;26-9-2021;17:27:22;116839.747;559539.058;-0.777;0.01;0.01
L30068          ;26-9-2021;17:27:23;116839.169;559539.674;-0.68;0.01;0.01
L30069          ;26-9-2021;17:27:24;116838.759;559540.204;-0.592;0.01;0.01
L30070          ;26-9-2021;17:27:25;116838.279;559540.882;-0.491;0.01;0.01
L30071          ;26-9-2021;17:27:26;116837.615;559541.635;-0.377;0.01;0.01
L30072          ;26-9-2021;17:27:27;116836.945;559542.478;-0.246;0.01;0.01
L30073          ;26-9-2021;17:27:28;116836.333;559543.433;-0.126;0.01;0.01
L30074          ;26-9-2021;17:27:29;116835.558;559544.388;-0.01;0.01;0.01
L30075          ;26-9-2021;17:27:30;116834.735;559545.361;0.092;0.01;0.01
L30076          ;26-9-2021;17:27:31;116833.883;559546.347;0.179;0.01;0.01
L30077          ;26-9-2021;17:27:32;116833.067;559547.384;0.269;0.01;0.01
L30078          ;26-9-2021;17:27:33;116832.215;559548.462;0.345;0.01;0.01
L30079          ;26-9-2021;17:27:34;116831.338;559549.437;0.445;0.01;0.01
L30080          ;26-9-2021;17:27:35;116830.516;559550.442;0.588;0.01;0.01
L30081          ;26-9-2021;17:27:36;116829.693;559551.416;0.737;0.01;0.01
L30082          ;26-9-2021;17:27:37;116828.924;559552.416;0.828;0.01;0.01
L30083          ;26-9-2021;17:27:38;116828.15;559553.486;0.912;0.01;0.01
L30084          ;26-9-2021;17:27:39;116827.355;559554.561;0.95;0.01;0.01
L30085          ;26-9-2021;17:27:40;116826.549;559555.663;0.956;0.01;0.01
L30086          ;26-9-2021;17:27:41;116825.681;559556.749;1.073;0.01;0.01
L30087          ;26-9-2021;17:27:42;116824.904;559557.7;1.124;0.01;0.01
L30088          ;26-9-2021;17:27:43;116824.098;559558.67;1.073;0.01;0.01
L30089          ;26-9-2021;17:27:44;116823.179;559559.705;1.017;0.01;0.01
L30090          ;26-9-2021;17:27:45;116822.403;559560.792;1.153;0.01;0.01
L30091          ;26-9-2021;17:27:46;116821.695;559561.854;1.21;0.01;0.01
L30092          ;26-9-2021;17:27:47;116820.981;559562.869;1.234;0.01;0.01
L30093          ;26-9-2021;17:27:48;116820.317;559563.845;1.313;0.01;0.01
L30094          ;26-9-2021;17:27:49;116819.586;559564.802;1.331;0.01;0.01
L30095          ;26-9-2021;17:27:50;116818.862;559565.772;1.439;0.01;0.01
L30096          ;26-9-2021;17:27:51;116818.207;559566.757;1.569;0.01;0.01
L30097          ;26-9-2021;17:27:52;116817.531;559567.743;1.744;0.01;0.01
L30098          ;26-9-2021;17:27:53;116816.871;559568.744;1.777;0.01;0.01
L30099          ;26-9-2021;17:27:54;116816.256;559569.674;1.782;0.01;0.01
L30100          ;26-9-2021;17:27:55;116815.591;559570.749;1.752;0.01;0.01
L30101          ;26-9-2021;17:27:56;116814.885;559571.915;1.7;0.01;0.01
L30102          ;26-9-2021;17:27:57;116814.13;559572.972;1.698;0.01;0.01
L30103          ;26-9-2021;17:27:58;116813.459;559573.991;1.686;0.01;0.01
L30104          ;26-9-2021;17:27:59;116812.688;559575.129;1.686;0.01;0.01
L30105          ;26-9-2021;17:28:00;116811.895;559576.173;1.697;0.01;0.01
L30106          ;26-9-2021;17:28:01;116811.147;559577.236;1.744;0.01;0.01
L30107          ;26-9-2021;17:28:02;116810.392;559578.324;1.781;0.01;0.01
L30108          ;26-9-2021;17:28:03;116809.617;559579.424;1.823;0.01;0.01
L30109          ;26-9-2021;17:28:04;116808.899;559580.482;1.855;0.01;0.01
L30110          ;26-9-2021;17:28:05;116808.245;559581.57;1.898;0.01;0.01
L30111          ;26-9-2021;17:28:06;116807.558;559582.642;1.924;0.01;0.01
L30112          ;26-9-2021;17:28:07;116806.927;559583.697;1.933;0.01;0.01
L30113          ;26-9-2021;17:28:08;116806.241;559584.806;1.99;0.01;0.01
L30114          ;26-9-2021;17:28:09;116805.514;559585.902;2.058;0.01;0.01
L30115          ;26-9-2021;17:28:10;116804.829;559586.925;2.135;0.01;0.01
L30116          ;26-9-2021;17:28:11;116804.129;559587.981;2.139;0.01;0.01
L30117          ;26-9-2021;17:28:12;116803.388;559589.054;2.127;0.01;0.01
L30118          ;26-9-2021;17:28:13;116802.698;559590.186;2.146;0.01;0.01
L30119          ;26-9-2021;17:28:14;116801.934;559591.268;2.168;0.01;0.01
L30120          ;26-9-2021;17:28:15;116801.143;559592.334;2.217;0.01;0.01
L30121          ;26-9-2021;17:28:16;116800.262;559593.433;2.259;0.01;0.01
L30122          ;26-9-2021;17:28:17;116799.584;559594.528;2.287;0.01;0.01
L30123          ;26-9-2021;17:28:18;116798.91;559595.664;2.33;0.01;0.01
L30124          ;26-9-2021;17:28:19;116798.111;559596.819;2.396;0.01;0.01
L30125          ;26-9-2021;17:28:20;116797.308;559597.892;2.437;0.01;0.01
L30126          ;26-9-2021;17:28:21;116796.512;559599.078;2.476;0.01;0.01
L30127          ;26-9-2021;17:28:22;116795.751;559600.229;2.505;0.01;0.01
L30128          ;26-9-2021;17:28:23;116794.949;559601.375;2.552;0.01;0.01
L30129          ;26-9-2021;17:28:24;116794.233;559602.47;2.603;0.01;0.01
L30130          ;26-9-2021;17:28:25;116793.516;559603.601;2.605;0.01;0.01
L30131          ;26-9-2021;17:28:26;116792.785;559604.66;2.669;0.01;0.01
L30132          ;26-9-2021;17:28:27;116792.051;559605.799;2.707;0.01;0.01
L30133          ;26-9-2021;17:28:28;116791.368;559606.841;2.736;0.01;0.01
L30134          ;26-9-2021;17:28:29;116790.646;559607.871;2.797;0.01;0.01
L30135          ;26-9-2021;17:28:30;116789.972;559608.887;2.81;0.01;0.01
L30136          ;26-9-2021;17:28:31;116789.282;559610.027;2.809;0.01;0.01
L30137          ;26-9-2021;17:28:32;116788.468;559611.117;2.832;0.01;0.01
L30138          ;26-9-2021;17:28:33;116787.627;559612.173;2.88;0.01;0.01
L30139          ;26-9-2021;17:28:34;116786.922;559613.277;2.937;0.01;0.01
L30140          ;26-9-2021;17:28:35;116786.302;559614.408;2.998;0.01;0.01
L30141          ;26-9-2021;17:28:36;116785.708;559615.576;3.037;0.01;0.01
L30142          ;26-9-2021;17:28:37;116785.033;559616.675;3.106;0.01;0.01
L30143          ;26-9-2021;17:28:38;116784.366;559617.664;3.114;0.01;0.01
L30144          ;26-9-2021;17:28:39;116783.766;559618.675;3.116;0.01;0.01
L30145          ;26-9-2021;17:28:40;116783.136;559619.656;3.109;0.01;0.01
L40001          ;26-9-2021;17:43:35;116134.717;558910.75;-1.765;0.01;0.02
L40002          ;26-9-2021;17:43:36;116134.687;558910.767;-1.767;0.01;0.01
L40003          ;26-9-2021;17:43:37;116134.494;558911.061;-1.738;0.01;0.02
L40004          ;26-9-2021;17:43:38;116134.22;558911.319;-1.73;0.01;0.01
L40005          ;26-9-2021;17:43:39;116133.871;558911.629;-1.715;0.01;0.01
L40006          ;26-9-2021;17:43:40;116133.5;558912.063;-1.7;0.01;0.02
L40007          ;26-9-2021;17:43:41;116133.165;558912.361;-1.676;0.01;0.01
L40008          ;26-9-2021;17:43:42;116132.807;558912.704;-1.663;0.01;0.01
L40009          ;26-9-2021;17:43:43;116132.481;558913.253;-1.649;0.01;0.01
L40010          ;26-9-2021;17:43:44;116132.171;558913.655;-1.637;0.01;0.01
L40011          ;26-9-2021;17:43:45;116131.859;558914.102;-1.621;0.01;0.01
L40012          ;26-9-2021;17:43:46;116131.494;558914.505;-1.61;0.01;0.01
L40013          ;26-9-2021;17:43:47;116131.238;558914.932;-1.606;0.01;0.01
L40014          ;26-9-2021;17:43:48;116130.935;558915.383;-1.585;0.01;0.01
L40015          ;26-9-2021;17:43:49;116130.659;558915.765;-1.57;0.01;0.01
L40016          ;26-9-2021;17:43:50;116130.291;558916.135;-1.554;0.01;0.01
L40017          ;26-9-2021;17:43:51;116129.952;558916.603;-1.535;0.01;0.01
L40018          ;26-9-2021;17:43:52;116129.661;558916.966;-1.534;0.01;0.01
L40019          ;26-9-2021;17:43:53;116129.327;558917.337;-1.52;0.01;0.01
L40020          ;26-9-2021;17:43:54;116129.024;558917.795;-1.509;0.01;0.01
L40021          ;26-9-2021;17:43:55;116128.758;558918.212;-1.482;0.01;0.01
L40022          ;26-9-2021;17:43:56;116128.517;558918.63;-1.466;0.01;0.01
L40023          ;26-9-2021;17:43:57;116128.227;558919.087;-1.449;0.01;0.01
L40024          ;26-9-2021;17:43:58;116127.922;558919.573;-1.43;0.01;0.01
L40025          ;26-9-2021;17:43:59;116127.539;558920.074;-1.405;0.01;0.01
L40026          ;26-9-2021;17:44:00;116127.256;558920.611;-1.394;0.01;0.01
L40027          ;26-9-2021;17:44:01;116126.847;558921.048;-1.401;0.01;0.01
L40028          ;26-9-2021;17:44:02;116126.544;558921.6;-1.387;0.01;0.01
L40029          ;26-9-2021;17:44:03;116126.115;558922.112;-1.37;0.01;0.01
L40030          ;26-9-2021;17:44:04;116125.736;558922.537;-1.352;0.01;0.01
L40031          ;26-9-2021;17:44:05;116125.336;558923.035;-1.35;0.01;0.01
L40032          ;26-9-2021;17:44:06;116124.988;558923.54;-1.333;0.01;0.01
L40033          ;26-9-2021;17:44:07;116124.595;558924.051;-1.316;0.01;0.01
L40034          ;26-9-2021;17:44:08;116124.275;558924.491;-1.309;0.01;0.01
L40035          ;26-9-2021;17:44:09;116123.918;558925.018;-1.302;0.01;0.01
L40036          ;26-9-2021;17:44:10;116123.493;558925.527;-1.29;0.01;0.01
L40037          ;26-9-2021;17:44:11;116123.085;558926.077;-1.288;0.01;0.01
L40038          ;26-9-2021;17:44:12;116122.689;558926.664;-1.279;0.01;0.01
L40039          ;26-9-2021;17:44:13;116122.285;558927.146;-1.263;0.01;0.01
L40040          ;26-9-2021;17:44:14;116121.906;558927.694;-1.247;0.01;0.01
L40041          ;26-9-2021;17:44:15;116121.471;558928.209;-1.247;0.01;0.01
L40042          ;26-9-2021;17:44:16;116121.056;558928.73;-1.235;0.01;0.01
L40043          ;26-9-2021;17:44:17;116120.696;558929.191;-1.226;0.01;0.01
L40044          ;26-9-2021;17:44:18;116120.354;558929.768;-1.21;0.01;0.01
L40045          ;26-9-2021;17:44:19;116119.908;558930.232;-1.219;0.01;0.01
L40046          ;26-9-2021;17:44:20;116119.542;558930.849;-1.201;0.01;0.01
L40047          ;26-9-2021;17:44:21;116119.113;558931.426;-1.196;0.01;0.01
L40048          ;26-9-2021;17:44:22;116118.661;558931.964;-1.189;0.01;0.01
L40049          ;26-9-2021;17:44:23;116118.178;558932.489;-1.19;0.01;0.01
L40050          ;26-9-2021;17:44:24;116117.692;558933.067;-1.17;0.01;0.01
L40051          ;26-9-2021;17:44:25;116117.277;558933.62;-1.166;0.01;0.01
L40052          ;26-9-2021;17:44:26;116116.815;558934.153;-1.149;0.01;0.01
L40053          ;26-9-2021;17:44:27;116116.409;558934.757;-1.148;0.01;0.01
L40054          ;26-9-2021;17:44:28;116116.01;558935.309;-1.127;0.01;0.01
L40055          ;26-9-2021;17:44:29;116115.691;558935.839;-1.13;0.01;0.01
L40056          ;26-9-2021;17:44:30;116115.268;558936.467;-1.119;0.01;0.01
L40057          ;26-9-2021;17:44:31;116114.796;558937.057;-1.119;0.01;0.01
L40058          ;26-9-2021;17:44:32;116114.345;558937.627;-1.115;0.01;0.02
L40059          ;26-9-2021;17:44:33;116113.861;558938.131;-1.114;0.01;0.01
L40060          ;26-9-2021;17:44:34;116113.453;558938.809;-1.096;0.01;0.01
L40061          ;26-9-2021;17:44:35;116113.066;558939.323;-1.079;0.01;0.01
L40062          ;26-9-2021;17:44:36;116112.628;558939.956;-1.083;0.01;0.01
L40063          ;26-9-2021;17:44:37;116112.203;558940.631;-1.062;0.01;0.01
L40064          ;26-9-2021;17:44:38;116111.731;558941.194;-1.057;0.01;0.01
L40065          ;26-9-2021;17:44:39;116111.27;558941.834;-1.07;0.01;0.01
L40066          ;26-9-2021;17:44:40;116110.774;558942.468;-1.042;0.01;0.01
L40067          ;26-9-2021;17:44:41;116110.26;558943.097;-1.036;0.01;0.01
L40068          ;26-9-2021;17:44:42;116109.774;558943.709;-1.029;0.01;0.01
L40069          ;26-9-2021;17:44:43;116109.325;558944.346;-1.037;0.01;0.01
L40070          ;26-9-2021;17:44:44;116108.825;558944.95;-1.026;0.01;0.01
L40071          ;26-9-2021;17:44:45;116108.266;558945.53;-1.019;0.01;0.01
L40072          ;26-9-2021;17:44:46;116107.695;558946.087;-1.015;0.01;0.02
L40073          ;26-9-2021;17:44:47;116107.24;558946.653;-0.999;0.01;0.02
L40074          ;26-9-2021;17:44:48;116106.757;558947.174;-0.974;0.01;0.01
L40075          ;26-9-2021;17:44:49;116106.272;558947.727;-0.915;0.01;0.01
L40076          ;26-9-2021;17:44:50;116105.813;558948.273;-0.829;0.01;0.01
L40077          ;26-9-2021;17:44:51;116105.527;558948.645;-0.74;0.01;0.02
L40078          ;26-9-2021;17:44:52;116105.076;558949.264;-0.655;0.01;0.02
L40079          ;26-9-2021;17:44:53;116104.685;558949.917;-0.582;0.01;0.01
L40080          ;26-9-2021;17:44:54;116104.1;558950.473;-0.478;0.01;0.01
L40081          ;26-9-2021;17:44:55;116103.353;558951.295;-0.333;0.01;0.01
L40082          ;26-9-2021;17:44:56;116102.677;558952.053;-0.221;0.01;0.01
L40083          ;26-9-2021;17:44:57;116101.932;558952.896;-0.103;0.01;0.01
L40084          ;26-9-2021;17:44:58;116101.171;558953.783;0.003;0.01;0.01
L40085          ;26-9-2021;17:44:59;116100.429;558954.743;0.099;0.01;0.01
L40086          ;26-9-2021;0.739583333;116099.678;558955.742;0.18;0.01;0.01
L40087          ;26-9-2021;17:45:01;116098.87;558956.775;0.252;0.01;0.01
L40088          ;26-9-2021;17:45:02;116098.03;558957.773;0.277;0.01;0.01
L40089          ;26-9-2021;17:45:03;116097.23;558958.814;0.299;0.01;0.01
L40090          ;26-9-2021;17:45:04;116096.446;558959.84;0.371;0.01;0.01
L40091          ;26-9-2021;17:45:05;116095.606;558960.839;0.491;0.01;0.01
L40092          ;26-9-2021;17:45:06;116094.879;558961.784;0.63;0.01;0.01
L40093          ;26-9-2021;17:45:07;116094.174;558962.752;0.754;0.01;0.01
L40094          ;26-9-2021;17:45:08;116093.401;558963.719;0.836;0.01;0.01
L40095          ;26-9-2021;17:45:09;116092.592;558964.693;0.889;0.01;0.01
L40096          ;26-9-2021;17:45:10;116091.809;558965.635;0.863;0.01;0.02
L40097          ;26-9-2021;17:45:11;116091.053;558966.635;0.822;0.01;0.01
L40098          ;26-9-2021;17:45:12;116090.205;558967.684;0.864;0.01;0.01
L40099          ;26-9-2021;17:45:13;116089.452;558968.661;1.016;0.01;0.01
L40100          ;26-9-2021;17:45:14;116088.726;558969.549;1.16;0.01;0.01
L40101          ;26-9-2021;17:45:15;116087.979;558970.465;1.263;0.01;0.01
L40102          ;26-9-2021;17:45:16;116087.236;558971.347;1.3;0.01;0.01
L40103          ;26-9-2021;17:45:17;116086.552;558972.2;1.435;0.01;0.01
L40104          ;26-9-2021;17:45:18;116085.812;558973.002;1.588;0.01;0.02
L40105          ;26-9-2021;17:45:19;116085.105;558973.838;1.856;0.01;0.02
L40106          ;26-9-2021;17:45:20;116084.618;558974.377;2.113;0.01;0.02
L40107          ;26-9-2021;17:45:21;116084.064;558975.04;2.183;0.01;0.02
L40108          ;26-9-2021;17:45:22;116083.564;558975.658;2.232;0.01;0.01
L50001          ;26-9-2021;18:12:21;115719.117;558559.15;-1.491;0.01;0.01
L50002          ;26-9-2021;18:12:22;115718.98;558559.277;-1.477;0.01;0.01
L50003          ;26-9-2021;18:12:23;115718.709;558559.524;-1.465;0.01;0.01
L50004          ;26-9-2021;18:12:24;115718.487;558559.878;-1.465;0.01;0.01
L50005          ;26-9-2021;18:12:25;115718.189;558560.227;-1.457;0.01;0.01
L50006          ;26-9-2021;18:12:26;115717.846;558560.506;-1.462;0.01;0.01
L50007          ;26-9-2021;18:12:27;115717.543;558560.874;-1.459;0.01;0.01
L50008          ;26-9-2021;18:12:28;115717.232;558561.323;-1.44;0.01;0.01
L50009          ;26-9-2021;18:12:29;115716.881;558561.704;-1.436;0.01;0.01
L50010          ;26-9-2021;18:12:30;115716.51;558562.147;-1.42;0.01;0.01
L50011          ;26-9-2021;18:12:31;115716.179;558562.578;-1.424;0.01;0.01
L50012          ;26-9-2021;18:12:32;115715.781;558563.082;-1.417;0.01;0.01
L50013          ;26-9-2021;18:12:33;115715.456;558563.551;-1.412;0.01;0.01
L50014          ;26-9-2021;18:12:34;115715.079;558563.984;-1.415;0.01;0.01
L50015          ;26-9-2021;18:12:35;115714.775;558564.466;-1.406;0.01;0.01
L50016          ;26-9-2021;18:12:36;115714.348;558564.941;-1.399;0.01;0.01
L50017          ;26-9-2021;18:12:37;115714.003;558565.365;-1.394;0.01;0.01
L50018          ;26-9-2021;18:12:38;115713.621;558565.823;-1.387;0.01;0.01
L50019          ;26-9-2021;18:12:39;115713.256;558566.298;-1.396;0.01;0.01
L50020          ;26-9-2021;18:12:40;115712.827;558566.856;-1.374;0.01;0.01
L50021          ;26-9-2021;18:12:41;115712.44;558567.332;-1.375;0.01;0.01
L50022          ;26-9-2021;18:12:42;115712.055;558567.769;-1.374;0.01;0.01
L50023          ;26-9-2021;18:12:43;115711.674;558568.263;-1.368;0.01;0.01
L50024          ;26-9-2021;18:12:44;115711.227;558568.774;-1.359;0.01;0.01
L50025          ;26-9-2021;18:12:45;115710.832;558569.281;-1.352;0.01;0.01
L50026          ;26-9-2021;18:12:46;115710.412;558569.734;-1.336;0.01;0.01
L50027          ;26-9-2021;18:12:47;115710.055;558570.228;-1.341;0.01;0.01
L50028          ;26-9-2021;18:12:48;115709.629;558570.681;-1.326;0.01;0.01
L50029          ;26-9-2021;18:12:49;115709.289;558571.218;-1.317;0.01;0.01
L50030          ;26-9-2021;18:12:50;115708.893;558571.753;-1.309;0.01;0.01
L50031          ;26-9-2021;18:12:51;115708.522;558572.231;-1.308;0.01;0.01
L50032          ;26-9-2021;18:12:52;115708.126;558572.769;-1.305;0.01;0.01
L50033          ;26-9-2021;18:12:53;115707.708;558573.219;-1.299;0.01;0.01
L50034          ;26-9-2021;18:12:54;115707.359;558573.66;-1.297;0.01;0.01
L50035          ;26-9-2021;18:12:55;115706.944;558574.163;-1.281;0.01;0.01
L50036          ;26-9-2021;18:12:56;115706.531;558574.668;-1.289;0.01;0.01
L50037          ;26-9-2021;18:12:57;115706.142;558575.222;-1.288;0.01;0.01
L50038          ;26-9-2021;18:12:58;115705.634;558575.759;-1.271;0.01;0.01
L50039          ;26-9-2021;18:12:59;115705.272;558576.338;-1.269;0.01;0.01
L50040          ;26-9-2021;18:13:00;115704.844;558576.865;-1.272;0.01;0.01
L50041          ;26-9-2021;18:13:01;115704.501;558577.346;-1.271;0.01;0.01
L50042          ;26-9-2021;18:13:02;115704.098;558577.969;-1.25;0.01;0.01
L50043          ;26-9-2021;18:13:03;115703.719;558578.5;-1.248;0.01;0.01
L50044          ;26-9-2021;18:13:04;115703.245;558579.062;-1.24;0.01;0.01
L50045          ;26-9-2021;18:13:05;115702.811;558579.61;-1.238;0.01;0.01
L50046          ;26-9-2021;18:13:06;115702.379;558580.078;-1.222;0.01;0.01
L50047          ;26-9-2021;18:13:07;115701.964;558580.646;-1.215;0.01;0.01
L50048          ;26-9-2021;18:13:08;115701.512;558581.06;-1.216;0.01;0.01
L50049          ;26-9-2021;18:13:09;115701.014;558581.516;-1.212;0.01;0.01
L50050          ;26-9-2021;18:13:10;115700.565;558581.946;-1.211;0.01;0.01
L50051          ;26-9-2021;18:13:11;115700.145;558582.38;-1.204;0.01;0.01
L50052          ;26-9-2021;18:13:12;115699.707;558582.977;-1.202;0.01;0.01
L50053          ;26-9-2021;18:13:13;115699.147;558583.49;-1.187;0.01;0.01
L50054          ;26-9-2021;18:13:14;115698.763;558584.033;-1.192;0.01;0.01
L50055          ;26-9-2021;18:13:15;115698.295;558584.463;-1.176;0.01;0.01
L50056          ;26-9-2021;18:13:16;115697.882;558584.957;-1.183;0.01;0.01
L50057          ;26-9-2021;18:13:17;115697.392;558585.48;-1.174;0.01;0.01
L50058          ;26-9-2021;18:13:18;115696.895;558585.926;-1.166;0.01;0.01
L50059          ;26-9-2021;18:13:19;115696.352;558586.455;-1.156;0.01;0.01
L50060          ;26-9-2021;18:13:20;115695.804;558586.841;-1.159;0.01;0.01
L50061          ;26-9-2021;18:13:21;115695.402;558587.286;-1.145;0.01;0.01
L50062          ;26-9-2021;18:13:22;115694.867;558587.649;-1.149;0.01;0.01
L50063          ;26-9-2021;18:13:23;115694.374;558588.053;-1.141;0.01;0.01
L50064          ;26-9-2021;18:13:24;115693.803;558588.471;-1.137;0.01;0.01
L50065          ;26-9-2021;18:13:25;115693.228;558588.937;-1.138;0.01;0.01
L50066          ;26-9-2021;18:13:26;115692.701;558589.337;-1.12;0.01;0.01
L50067          ;26-9-2021;18:13:27;115692.175;558589.756;-1.119;0.01;0.01
L50068          ;26-9-2021;18:13:28;115691.608;558590.142;-1.113;0.01;0.01
L50069          ;26-9-2021;18:13:29;115691.042;558590.556;-1.108;0.01;0.01
L50070          ;26-9-2021;18:13:30;115690.506;558590.979;-1.125;0.01;0.01
L50071          ;26-9-2021;18:13:31;115689.944;558591.485;-1.111;0.01;0.01
L50072          ;26-9-2021;18:13:32;115689.374;558591.996;-1.105;0.01;0.01
L50073          ;26-9-2021;18:13:33;115688.803;558592.511;-1.103;0.01;0.01
L50074          ;26-9-2021;18:13:34;115688.234;558592.98;-1.096;0.01;0.01
L50075          ;26-9-2021;18:13:35;115687.724;558593.545;-1.087;0.01;0.01
L50076          ;26-9-2021;18:13:36;115687.118;558594.05;-1.088;0.01;0.01
L50077          ;26-9-2021;18:13:37;115686.579;558594.513;-1.096;0.01;0.01
L50078          ;26-9-2021;18:13:38;115685.961;558594.957;-1.091;0.01;0.01
L50079          ;26-9-2021;18:13:39;115685.411;558595.498;-1.086;0.01;0.01
L50080          ;26-9-2021;18:13:40;115684.888;558595.97;-1.079;0.01;0.01
L50081          ;26-9-2021;18:13:41;115684.361;558596.517;-1.094;0.01;0.01
L50082          ;26-9-2021;18:13:42;115683.707;558597.02;-1.069;0.01;0.01
L50083          ;26-9-2021;18:13:43;115683.09;558597.482;-1.073;0.01;0.01
L50084          ;26-9-2021;18:13:44;115682.431;558597.887;-1.044;0.01;0.01
L50085          ;26-9-2021;18:13:45;115681.783;558598.331;-1.017;0.01;0.01
L50086          ;26-9-2021;18:13:46;115681.172;558598.831;-0.998;0.01;0.01
L50087          ;26-9-2021;18:13:47;115680.487;558599.233;-0.978;0.01;0.01
L50088          ;26-9-2021;18:13:48;115679.836;558599.691;-0.969;0.01;0.01
L50089          ;26-9-2021;18:13:49;115679.205;558600.094;-0.947;0.01;0.01
L50090          ;26-9-2021;18:13:50;115678.61;558600.606;-0.937;0.01;0.01
L50091          ;26-9-2021;18:13:51;115677.841;558600.989;-0.922;0.01;0.01
L50092          ;26-9-2021;18:13:52;115677.211;558601.483;-0.91;0.01;0.01
L50093          ;26-9-2021;18:13:53;115676.571;558601.934;-0.915;0.01;0.01
L50094          ;26-9-2021;18:13:54;115675.922;558602.408;-0.909;0.01;0.01
L50095          ;26-9-2021;18:13:55;115675.258;558602.812;-0.888;0.01;0.01
L50096          ;26-9-2021;18:13:56;115674.623;558603.27;-0.883;0.01;0.01
L50097          ;26-9-2021;18:13:57;115673.864;558603.643;-0.86;0.01;0.01
L50098          ;26-9-2021;18:13:58;115673.183;558604.161;-0.845;0.01;0.01
L50099          ;26-9-2021;18:13:59;115672.497;558604.589;-0.847;0.01;0.01
L50100          ;26-9-2021;0.759722222;115671.762;558604.965;-0.833;0.01;0.01
L50101          ;26-9-2021;18:14:01;115671.077;558605.34;-0.819;0.01;0.01
L50102          ;26-9-2021;18:14:02;115670.4;558605.759;-0.806;0.01;0.01
L50103          ;26-9-2021;18:14:03;115669.722;558606.2;-0.787;0.01;0.01
L50104          ;26-9-2021;18:14:04;115669.032;558606.681;-0.765;0.01;0.01
L50105          ;26-9-2021;18:14:05;115668.356;558607.176;-0.75;0.01;0.01
L50106          ;26-9-2021;18:14:06;115667.624;558607.582;-0.733;0.01;0.01
L50107          ;26-9-2021;18:14:07;115666.891;558608.041;-0.71;0.01;0.01
L50108          ;26-9-2021;18:14:08;115666.186;558608.548;-0.692;0.01;0.01
L50109          ;26-9-2021;18:14:09;115665.476;558609.009;-0.67;0.01;0.01
L50110          ;26-9-2021;18:14:10;115664.779;558609.526;-0.653;0.01;0.01
L50111          ;26-9-2021;18:14:11;115664.13;558610.032;-0.619;0.01;0.01
L50112          ;26-9-2021;18:14:12;115663.427;558610.5;-0.583;0.01;0.01
L50113          ;26-9-2021;18:14:13;115662.663;558611.009;-0.527;0.01;0.01
L50114          ;26-9-2021;18:14:14;115661.793;558611.555;-0.46;0.01;0.01
L50115          ;26-9-2021;18:14:15;115661.077;558612.126;-0.404;0.01;0.01
L50116          ;26-9-2021;18:14:16;115660.22;558612.768;-0.314;0.01;0.01
L50117          ;26-9-2021;18:14:17;115659.314;558613.42;-0.21;0.01;0.01
L50118          ;26-9-2021;18:14:18;115658.389;558614.085;-0.1;0.01;0.01
L50119          ;26-9-2021;18:14:19;115657.403;558614.742;0.023;0.01;0.01
L50120          ;26-9-2021;18:14:20;115656.491;558615.55;0.131;0.01;0.01
L50121          ;26-9-2021;18:14:21;115655.603;558616.389;0.198;0.01;0.01
L50122          ;26-9-2021;18:14:22;115654.611;558617.286;0.243;0.01;0.01
L50123          ;26-9-2021;18:14:23;115653.594;558618.188;0.353;0.01;0.01
L50124          ;26-9-2021;18:14:24;115652.598;558619.058;0.52;0.01;0.01
L50125          ;26-9-2021;18:14:25;115651.657;558619.951;0.686;0.01;0.01
L50126          ;26-9-2021;18:14:26;115650.742;558620.888;0.828;0.01;0.01
L50127          ;26-9-2021;18:14:27;115649.743;558621.763;0.905;0.01;0.01
L50128          ;26-9-2021;18:14:28;115648.761;558622.699;0.972;0.01;0.01
L50129          ;26-9-2021;18:14:29;115647.776;558623.562;1.01;0.01;0.01
L50130          ;26-9-2021;18:14:30;115646.727;558624.501;1.058;0.01;0.01
L50131          ;26-9-2021;18:14:31;115645.797;558625.377;1.064;0.01;0.01
L50132          ;26-9-2021;18:14:32;115644.828;558626.264;1.013;0.01;0.02
L50133          ;26-9-2021;18:14:33;115643.777;558627.162;0.99;0.01;0.02
L50134          ;26-9-2021;18:14:34;115642.716;558628.018;1.055;0.01;0.01
L50135          ;26-9-2021;18:14:35;115641.813;558628.888;1.102;0.01;0.01
L50136          ;26-9-2021;18:14:36;115640.818;558629.763;1.137;0.01;0.01
L50137          ;26-9-2021;18:14:37;115639.901;558630.566;1.191;0.01;0.01
L50138          ;26-9-2021;18:14:38;115639.025;558631.398;1.239;0.01;0.01
L50139          ;26-9-2021;18:14:39;115638.082;558632.288;1.262;0.01;0.01
L50140          ;26-9-2021;18:14:40;115637.183;558633.251;1.346;0.01;0.01
L50141          ;26-9-2021;18:14:41;115636.157;558634.129;1.474;0.01;0.01
L50142          ;26-9-2021;18:14:42;115635.33;558634.935;1.574;0.01;0.02
L50143          ;26-9-2021;18:14:43;115634.48;558635.657;1.626;0.01;0.01
L50144          ;26-9-2021;18:14:44;115633.659;558636.427;1.674;0.01;0.02
L50145          ;26-9-2021;18:14:45;115632.806;558637.059;1.669;0.01;0.02
L60001          ;26-9-2021;18:23:26;115453.234;558193.654;-1.314;0.01;0.01
L60002          ;26-9-2021;18:23:27;115452.766;558193.942;-1.302;0.01;0.01
L60003          ;26-9-2021;18:23:28;115452.289;558194.268;-1.306;0.01;0.01
L60004          ;26-9-2021;18:23:29;115451.786;558194.594;-1.3;0.01;0.01
L60005          ;26-9-2021;18:23:30;115451.349;558194.992;-1.303;0.01;0.01
L60006          ;26-9-2021;18:23:31;115450.836;558195.357;-1.306;0.01;0.01
L60007          ;26-9-2021;18:23:32;115450.332;558195.759;-1.305;0.01;0.01
L60008          ;26-9-2021;18:23:33;115449.789;558196.139;-1.301;0.01;0.01
L60009          ;26-9-2021;18:23:34;115449.32;558196.528;-1.294;0.01;0.01
L60010          ;26-9-2021;18:23:35;115448.866;558196.945;-1.296;0.01;0.01
L60011          ;26-9-2021;18:23:36;115448.357;558197.375;-1.291;0.01;0.01
L60012          ;26-9-2021;18:23:37;115447.844;558197.793;-1.277;0.01;0.01
L60013          ;26-9-2021;18:23:38;115447.31;558198.11;-1.278;0.01;0.01
L60014          ;26-9-2021;18:23:39;115446.848;558198.497;-1.276;0.01;0.01
L60015          ;26-9-2021;18:23:40;115446.324;558198.875;-1.274;0.01;0.01
L60016          ;26-9-2021;18:23:41;115445.82;558199.293;-1.268;0.01;0.01
L60017          ;26-9-2021;18:23:42;115445.318;558199.631;-1.258;0.01;0.01
L60018          ;26-9-2021;18:23:43;115444.873;558200.045;-1.264;0.01;0.01
L60019          ;26-9-2021;18:23:44;115444.349;558200.434;-1.261;0.01;0.01
L60020          ;26-9-2021;18:23:45;115443.91;558200.84;-1.254;0.01;0.01
L60021          ;26-9-2021;18:23:46;115443.359;558201.221;-1.245;0.01;0.01
L60022          ;26-9-2021;18:23:47;115442.781;558201.585;-1.238;0.01;0.01
L60023          ;26-9-2021;18:23:48;115442.296;558201.89;-1.238;0.01;0.01
L60024          ;26-9-2021;18:23:49;115441.815;558202.242;-1.234;0.01;0.01
L60025          ;26-9-2021;18:23:50;115441.296;558202.627;-1.235;0.01;0.01
L60026          ;26-9-2021;18:23:51;115440.732;558202.989;-1.216;0.01;0.01
L60027          ;26-9-2021;18:23:52;115440.215;558203.368;-1.218;0.01;0.01
L60028          ;26-9-2021;18:23:53;115439.692;558203.735;-1.205;0.01;0.01
L60029          ;26-9-2021;18:23:54;115439.174;558204.172;-1.211;0.01;0.01
L60030          ;26-9-2021;18:23:55;115438.637;558204.528;-1.197;0.01;0.01
L60031          ;26-9-2021;18:23:56;115438.109;558204.916;-1.198;0.01;0.01
L60032          ;26-9-2021;18:23:57;115437.568;558205.297;-1.191;0.01;0.01
L60033          ;26-9-2021;18:23:58;115437.041;558205.654;-1.191;0.01;0.01
L60034          ;26-9-2021;18:23:59;115436.486;558206.047;-1.185;0.01;0.01
L60035          ;26-9-2021;0.766666667;115435.945;558206.451;-1.169;0.01;0.01
L60036          ;26-9-2021;18:24:01;115435.444;558206.843;-1.168;0.01;0.01
L60037          ;26-9-2021;18:24:02;115434.877;558207.259;-1.168;0.01;0.01
L60038          ;26-9-2021;18:24:03;115434.338;558207.668;-1.163;0.01;0.01
L60039          ;26-9-2021;18:24:04;115433.765;558208.056;-1.159;0.01;0.01
L60040          ;26-9-2021;18:24:05;115433.21;558208.507;-1.153;0.01;0.01
L60041          ;26-9-2021;18:24:06;115432.603;558208.888;-1.155;0.01;0.01
L60042          ;26-9-2021;18:24:07;115432.042;558209.358;-1.133;0.01;0.01
L60043          ;26-9-2021;18:24:08;115431.493;558209.786;-1.127;0.01;0.01
L60044          ;26-9-2021;18:24:09;115430.976;558210.2;-1.134;0.01;0.01
L60045          ;26-9-2021;18:24:10;115430.451;558210.568;-1.122;0.01;0.01
L60046          ;26-9-2021;18:24:11;115429.85;558210.97;-1.123;0.01;0.01
L60047          ;26-9-2021;18:24:12;115429.281;558211.387;-1.117;0.01;0.01
L60048          ;26-9-2021;18:24:13;115428.705;558211.777;-1.115;0.01;0.01
L60049          ;26-9-2021;18:24:14;115428.109;558212.208;-1.101;0.01;0.01
L60050          ;26-9-2021;18:24:15;115427.486;558212.645;-1.093;0.01;0.01
L60051          ;26-9-2021;18:24:16;115426.954;558213.065;-1.094;0.01;0.01
L60052          ;26-9-2021;18:24:17;115426.369;558213.517;-1.085;0.01;0.01
L60053          ;26-9-2021;18:24:18;115425.803;558213.939;-1.08;0.01;0.01
L60054          ;26-9-2021;18:24:19;115425.197;558214.279;-1.07;0.01;0.01
L60055          ;26-9-2021;18:24:20;115424.595;558214.643;-1.07;0.01;0.02
L60056          ;26-9-2021;18:24:21;115424.041;558215.024;-1.073;0.01;0.02
L60057          ;26-9-2021;18:24:22;115423.548;558215.411;-1.056;0.01;0.02
L60058          ;26-9-2021;18:24:23;115423.119;558215.791;-1.061;0.01;0.02
L60059          ;26-9-2021;18:24:24;115422.681;558216.044;-1.061;0.01;0.02
L60060          ;26-9-2021;18:24:25;115422.326;558216.32;-1.061;0.01;0.02
L60061          ;26-9-2021;18:24:26;115422.051;558216.466;-1.06;0.01;0.02
L60062          ;26-9-2021;18:24:27;115421.81;558216.647;-1.063;0.01;0.02
L60063          ;26-9-2021;18:24:28;115421.656;558216.734;-1.052;0.01;0.02
L60064          ;26-9-2021;18:24:29;115421.602;558216.769;-1.053;0.01;0.01
L60065          ;26-9-2021;18:24:30;115421.588;558216.725;-1.055;0.01;0.01
L60066          ;26-9-2021;18:24:31;115421.57;558216.719;-1.062;0.01;0.01
L60067          ;26-9-2021;18:24:32;115421.548;558216.723;-1.069;0.01;0.01
L60068          ;26-9-2021;18:24:33;115421.55;558216.754;-1.058;0.01;0.01
L60069          ;26-9-2021;18:24:34;115421.537;558216.795;-1.051;0.01;0.01
L60070          ;26-9-2021;18:24:35;115421.249;558216.947;-1.058;0.01;0.01
L60071          ;26-9-2021;18:24:36;115420.801;558217.223;-1.059;0.01;0.01
L60072          ;26-9-2021;18:24:37;115420.277;558217.506;-1.053;0.01;0.01
L60073          ;26-9-2021;18:24:38;115419.797;558217.877;-1.034;0.01;0.01
L60074          ;26-9-2021;18:24:39;115419.206;558218.227;-1.028;0.01;0.01
L60075          ;26-9-2021;18:24:40;115418.737;558218.637;-1.026;0.01;0.01
L60076          ;26-9-2021;18:24:41;115418.198;558219.07;-1.018;0.01;0.01
L60077          ;26-9-2021;18:24:42;115417.73;558219.439;-1.016;0.01;0.01
L60078          ;26-9-2021;18:24:43;115417.23;558219.856;-1.002;0.01;0.01
L60079          ;26-9-2021;18:24:44;115416.737;558220.229;-0.998;0.01;0.01
L60080          ;26-9-2021;18:24:45;115416.223;558220.582;-0.989;0.01;0.01
L60081          ;26-9-2021;18:24:46;115415.637;558220.917;-0.978;0.01;0.01
L60082          ;26-9-2021;18:24:47;115415.049;558221.289;-0.973;0.01;0.01
L60083          ;26-9-2021;18:24:48;115414.429;558221.615;-0.969;0.01;0.01
L60084          ;26-9-2021;18:24:49;115413.928;558221.919;-0.972;0.01;0.01
L60085          ;26-9-2021;18:24:50;115413.393;558222.313;-0.962;0.01;0.01
L60086          ;26-9-2021;18:24:51;115412.893;558222.667;-0.968;0.01;0.01
L60087          ;26-9-2021;18:24:52;115412.319;558222.941;-0.972;0.01;0.01
L60088          ;26-9-2021;18:24:53;115411.67;558223.39;-0.948;0.01;0.01
L60089          ;26-9-2021;18:24:54;115410.983;558223.649;-0.938;0.01;0.01
L60090          ;26-9-2021;18:24:55;115410.332;558224.038;-0.915;0.01;0.01
L60091          ;26-9-2021;18:24:56;115409.702;558224.4;-0.904;0.01;0.01
L60092          ;26-9-2021;18:24:57;115409.068;558224.833;-0.88;0.01;0.01
L60093          ;26-9-2021;18:24:58;115408.494;558225.255;-0.87;0.01;0.01
L60094          ;26-9-2021;18:24:59;115407.92;558225.679;-0.86;0.01;0.01
L60095          ;26-9-2021;0.767361111;115407.345;558226.148;-0.856;0.01;0.01
L60096          ;26-9-2021;18:25:01;115406.757;558226.56;-0.839;0.01;0.01
L60097          ;26-9-2021;18:25:02;115406.193;558227.003;-0.825;0.01;0.01
L60098          ;26-9-2021;18:25:03;115405.698;558227.394;-0.807;0.01;0.01
L60099          ;26-9-2021;18:25:04;115405.073;558227.812;-0.802;0.01;0.01
L60100          ;26-9-2021;18:25:05;115404.448;558228.139;-0.787;0.01;0.01
L60101          ;26-9-2021;18:25:06;115403.894;558228.628;-0.755;0.01;0.01
L60102          ;26-9-2021;18:25:07;115403.306;558228.97;-0.753;0.01;0.01
L60103          ;26-9-2021;18:25:08;115402.756;558229.44;-0.74;0.01;0.01
L60104          ;26-9-2021;18:25:09;115402.124;558229.915;-0.727;0.01;0.01
L60105          ;26-9-2021;18:25:10;115401.507;558230.328;-0.712;0.01;0.01
L60106          ;26-9-2021;18:25:11;115400.956;558230.846;-0.696;0.01;0.01
L60107          ;26-9-2021;18:25:12;115400.323;558231.198;-0.682;0.01;0.01
L60108          ;26-9-2021;18:25:13;115399.681;558231.644;-0.66;0.01;0.01
L60109          ;26-9-2021;18:25:14;115398.977;558231.996;-0.639;0.01;0.01
L60110          ;26-9-2021;18:25:15;115398.326;558232.388;-0.623;0.01;0.01
L60111          ;26-9-2021;18:25:16;115397.71;558232.851;-0.612;0.01;0.01
L60112          ;26-9-2021;18:25:17;115397.105;558233.263;-0.592;0.01;0.01
L60113          ;26-9-2021;18:25:18;115396.482;558233.801;-0.573;0.01;0.01
L60114          ;26-9-2021;18:25:19;115395.802;558234.315;-0.54;0.01;0.01
L60115          ;26-9-2021;18:25:20;115395.15;558234.816;-0.523;0.01;0.01
L60116          ;26-9-2021;18:25:21;115394.528;558235.315;-0.512;0.01;0.01
L60117          ;26-9-2021;18:25:22;115393.792;558235.827;-0.483;0.01;0.01
L60118          ;26-9-2021;18:25:23;115393.147;558236.407;-0.461;0.01;0.01
L60119          ;26-9-2021;18:25:24;115392.453;558236.954;-0.443;0.01;0.01
L60120          ;26-9-2021;18:25:25;115391.663;558237.513;-0.44;0.01;0.01
L60121          ;26-9-2021;18:25:26;115390.931;558238.085;-0.442;0.01;0.01
L60122          ;26-9-2021;18:25:27;115390.219;558238.648;-0.448;0.01;0.01
L60123          ;26-9-2021;18:25:28;115389.505;558239.284;-0.441;0.01;0.01
L60124          ;26-9-2021;18:25:29;115388.827;558239.911;-0.434;0.01;0.01
L60125          ;26-9-2021;18:25:30;115388.152;558240.539;-0.434;0.01;0.01
L60126          ;26-9-2021;18:25:31;115387.348;558241.152;-0.417;0.01;0.01
L60127          ;26-9-2021;18:25:32;115386.591;558241.756;-0.422;0.01;0.01
L60128          ;26-9-2021;18:25:33;115385.82;558242.362;-0.417;0.01;0.01
L60129          ;26-9-2021;18:25:34;115385.041;558242.978;-0.421;0.01;0.01
L60130          ;26-9-2021;18:25:35;115384.311;558243.614;-0.411;0.01;0.01
L60131          ;26-9-2021;18:25:36;115383.517;558244.254;-0.417;0.01;0.01
L60132          ;26-9-2021;18:25:37;115382.666;558244.839;-0.421;0.01;0.01
L60133          ;26-9-2021;18:25:38;115381.929;558245.459;-0.421;0.01;0.01
L60134          ;26-9-2021;18:25:39;115381.125;558246.096;-0.428;0.01;0.01
L60135          ;26-9-2021;18:25:40;115380.366;558246.736;-0.418;0.01;0.01
L60136          ;26-9-2021;18:25:41;115379.621;558247.294;-0.432;0.01;0.01
L60137          ;26-9-2021;18:25:42;115378.804;558247.854;-0.434;0.01;0.01
L60138          ;26-9-2021;18:25:43;115377.994;558248.37;-0.436;0.01;0.01
L60139          ;26-9-2021;18:25:44;115377.178;558248.946;-0.43;0.01;0.01
L60140          ;26-9-2021;18:25:45;115376.409;558249.503;-0.437;0.01;0.01
L60141          ;26-9-2021;18:25:46;115375.556;558249.997;-0.434;0.01;0.01
L60142          ;26-9-2021;18:25:47;115374.691;558250.67;-0.403;0.01;0.01
L60143          ;26-9-2021;18:25:48;115373.905;558251.286;-0.39;0.01;0.01
L60144          ;26-9-2021;18:25:49;115373.091;558251.805;-0.391;0.01;0.01
L60145          ;26-9-2021;18:25:50;115372.276;558252.441;-0.386;0.01;0.01
L60146          ;26-9-2021;18:25:51;115371.439;558253.035;-0.379;0.01;0.01
L60147          ;26-9-2021;18:25:52;115370.556;558253.633;-0.399;0.01;0.01
L60148          ;26-9-2021;18:25:53;115369.659;558254.159;-0.405;0.01;0.01
L60149          ;26-9-2021;18:25:54;115368.828;558254.664;-0.352;0.01;0.01
L60150          ;26-9-2021;18:25:55;115367.926;558255.269;-0.235;0.01;0.01
L60151          ;26-9-2021;18:25:56;115366.945;558255.928;-0.094;0.01;0.01
L60152          ;26-9-2021;18:25:57;115366.131;558256.534;0.008;0.01;0.01
L60153          ;26-9-2021;18:25:58;115365.285;558257.201;0.12;0.01;0.01
L60154          ;26-9-2021;18:25:59;115364.415;558257.965;0.265;0.01;0.01
L60155          ;26-9-2021;18:26:00;115363.5;558258.695;0.408;0.01;0.01
L60156          ;26-9-2021;18:26:01;115362.561;558259.424;0.564;0.01;0.01
L60157          ;26-9-2021;18:26:02;115361.661;558260.116;0.724;0.01;0.02
L60158          ;26-9-2021;18:26:03;115360.8;558260.811;0.874;0.01;0.02
L60159          ;26-9-2021;18:26:04;115359.934;558261.561;0.99;0.01;0.02
L60160          ;26-9-2021;18:26:05;115358.905;558262.286;1.15;0.01;0.02
L60161          ;26-9-2021;18:26:06;115357.942;558262.996;1.21;0.01;0.02
L60162          ;26-9-2021;18:26:07;115357.016;558263.706;1.278;0.01;0.02
L60163          ;26-9-2021;18:26:08;115356.188;558264.41;1.344;0.01;0.02
L60164          ;26-9-2021;18:26:09;115355.39;558265.115;1.416;0.02;0.02
L60165          ;26-9-2021;18:26:10;115354.548;558265.738;1.485;0.02;0.02
L60166          ;26-9-2021;18:26:11;115353.731;558266.439;1.571;0.02;0.02
L60167          ;26-9-2021;18:26:12;115352.9;558267.172;1.606;0.02;0.03
L60168          ;26-9-2021;18:26:13;115352.171;558267.802;1.626;0.02;0.03
